Control - E1,Control - E2,Control - E3
3.534529982273205,3.5372842384018726,3.5230559131454426
3.534743753408816,3.5370981663532044,3.522035697171984
3.5347864707349275,3.5348238537069023,3.5221559243638345
3.532524846427497,3.5359654551388737,3.5216965248627177
3.53061399014449,3.5349756909366405,3.5211303183036646
3.5278337212573114,3.5354281111199493,3.522013066651824
3.5278330712203205,3.5353238672558476,3.5211582555038197
3.5336632699013535,3.5368803998555647,3.5222228896947056
3.5325951204755177,3.5366073572873864,3.5220353341267683
3.533013590065753,3.5383869670313266,3.521937998528659
3.5324441259322006,3.537236374932726,3.52202090554092
3.532966340030492,3.5375088081096977,3.523496733994952
3.533363616623607,3.5389607201379945,3.523948270810215
3.5344758971363683,3.540283660577625,3.5237740722213937
3.534696729741559,3.5414605948991094,3.5259631833529617
3.535452056027149,3.5422000071362127,3.5271290796901
3.537431645004952,3.541679276785635,3.5278249372641985
3.538499173582333,3.542743831411419,3.528859724160906
3.5388544354142177,3.5431897775380805,3.5289305345638717
3.5404846432115513,3.545333835398716,3.5303634470071095
3.5414108452528525,3.5463925749960126,3.5305915718664336
3.543229492336657,3.5484055714502873,3.5311302637973356
3.5446691332639224,3.550430235236189,3.5330351655188155
3.545663794576273,3.5500991445035153,3.5344294197374495
3.5464198965674676,3.551072100992851,3.5362505594994493
3.5491856532958304,3.5529425376192036,3.537023001544193
3.549819391539382,3.5560563714820455,3.538601139257145
3.551566611143786,3.557337424408612,3.540257737189374
3.5526689802887894,3.5583929050435144,3.541141980103621
3.5540869397542005,3.559003477008055,3.5427505885936315
3.5561697843223845,3.562501540902892,3.5439053698488094
3.558206997239398,3.5619996167340107,3.545149982588876
3.5594825583145306,3.56336288078339,3.5465433679129132
3.5598966675036166,3.565776514943193,3.5470834241933544
3.5620606619097415,3.56760360660247,3.547805168376584
3.564603218544511,3.569598204037534,3.550751592673508
3.5642080562254366,3.5732954559111088,3.5502490102259427
3.5654167026721835,3.5737406499518913,3.5534420538129234
3.567012552782797,3.5737468804929984,3.553811681909371
3.567493875326535,3.5760299705719603,3.554596192011087
3.5687290749474734,3.576482687925117,3.5571797924448516
3.569783874634596,3.5784850738655174,3.5579170590646556
3.5707050017890642,3.578520558120183,3.558485586139251
3.570596304730416,3.578864215341123,3.558235140268485
3.5707622459078623,3.5799862086896814,3.5579310521295335
3.569167338448305,3.5784223219389077,3.557040907442844
3.5658149910241144,3.5708690727934154,3.5536914999907303
3.559032661541294,3.5680137441023994,3.548719080108355
3.552102578555614,3.563796392404803,3.541484093213801
3.5438283589099706,3.5562667242821604,3.533196205743522
3.5334459136496426,3.545775553324423,3.5233796723298774
3.520600542104723,3.535163437580632,3.5111950841846493
3.5069908037171507,3.5208151742338623,3.497114083074739
3.4923142379115992,3.504864652257146,3.4798541528843714
3.476325285557678,3.487873220686832,3.46226813482276
3.4577349539860727,3.469276440221406,3.443798684508694
3.437731208036393,3.4505761993304263,3.42583523009779
3.418613213412025,3.429180548644498,3.4066796799018704
3.3976178003436557,3.409591252817269,3.388025275286247
3.3781099721578705,3.3902002754814413,3.369499134148202
3.358091346530911,3.369833799177621,3.348021803350284
3.337429776430607,3.3496713370240294,3.328896023633471
3.317076467101664,3.3334379210550424,3.308434594176829
3.298117624036439,3.311536833589288,3.289123664869586
3.278440195660411,3.29350163540121,3.270683313449434
3.2602827591218224,3.273953361830827,3.2529129541959065
3.241340792208895,3.256907789487358,3.2355032519938964
3.226405101920759,3.238835620513684,3.2171231461851613
3.2092368325540264,3.221355733037324,3.2001960563541894
3.1931910181028975,3.2057823570040163,3.1858807711697854
3.180027962191704,3.190838979685448,3.1701197944521944
3.1673533117117225,3.17573209291263,3.155309008137519
3.153305591745478,3.1629831650309668,3.1418580532860894
3.1384577847931414,3.1514355217563237,3.1301008406358934
3.1251071019578207,3.1407386682431286,3.1184095120180757
3.1140434242501343,3.1276574836715434,3.1081273475503517
3.104490700472536,3.117443794424614,3.0949747461574244
3.097350352400372,3.108059162779914,3.0895340140820347
3.0878082073167588,3.0990656813637028,3.0801495757981945
3.0794255329366043,3.09210721385599,3.072788170054267
3.073043889961386,3.0874934379384955,3.0600185157703557
3.067264582963322,3.0771735204654544,3.0572907885713
3.0604186531370576,3.0709259689648434,3.051278889869116
3.05536415661389,3.067328093843036,3.0468803630750516
3.051387992268122,3.062810255418658,3.0434577645831595
3.0465328169585275,3.058217486112851,3.038815998800291
3.0415106494698056,3.053476318216446,3.035991996447059
3.0401241359283966,3.053512809581783,3.033641633140562
3.0357281121707453,3.0513537661110233,3.030957640527019
3.034767437944353,3.0502449552371034,3.030953027925945
3.0327218077384233,3.0488850840969532,3.0289128030042174
3.030394796758589,3.04468670065444,3.0237152784650245
3.031512446459929,3.043962273990121,3.0206338367933814
3.0188970309936622,3.0494936850722754,3.022776765182679
3.0146925553476085,3.0485395806114655,3.0267656914897243
3.0127051650952934,3.048825185948495,3.0215727580091234
3.0312592626829002,3.049677835083175,3.029278148484635
3.0269238525705817,3.0545408808956473,3.028377287635501
3.0272532088676796,3.0551053577491265,3.0322324563854166
3.0302200286636802,3.0568317397400526,3.0270144246511195
3.0433691809991896,3.0530057461391107,3.032909891307594
3.048916406222446,3.0612718249264868,3.0418699955791584
3.0455836421767652,3.053038403331717,3.049963195444304
3.051306354986127,3.0640296424806217,3.0411010304879946
3.0556633837951708,3.058113766299525,3.0577414207410314
3.047101802272461,3.0818976274090564,3.056280938721224
3.0562680264574427,3.087998128219873,3.054819246494701
3.0673172921321656,3.0871442605249255,3.0626208339813177
3.0587603021980034,3.0952319715514705,3.073469346235197
3.070618522226584,3.1045363734211837,3.0659287722040314
3.0792039359799044,3.1032107633941157,3.0890376856190818
3.084741300621176,3.1217979260740196,3.107455344163363
3.096734135303772,3.1231803391837625,3.1163602409240334
3.10283212448062,3.124684946669917,3.1158962036374835
3.1138895500841337,3.1415231877295655,3.132022013495333
3.1222289840893267,3.1498014661009592,3.1362096050824757
3.141019555476592,3.1633381906562184,3.1509872454431935
3.148691421222874,3.172717673091246,3.145859136724355
3.1507530030437296,3.172341421430279,3.1589734680083184
3.1605161779450794,3.1906369331277444,3.177775068118174
3.1712422194850003,3.1955076452896005,3.1869451462857867
3.184786229214204,3.2131499335851763,3.1983627188093537
3.1805008746101437,3.2061157688362014,3.1996430931582864
3.178489851956684,3.229757597196502,3.22253783257462
3.206777572007476,3.231357437099266,3.2296669809285357
3.221845581352615,3.249234510929302,3.2339488069075863
3.2367615713723827,3.2575747776432635,3.24542185168646
3.2402999378215824,3.2674673362472477,3.253543307324415
3.256504793229314,3.2757103174062943,3.2603809141033175
3.2678629391553145,3.2784172711231845,3.260535592957978
3.2690325798252546,3.2839171385708674,3.269261582675063
3.281418250583157,3.2903424737619913,3.2768060607092955
3.2807690832139835,3.3082456429777265,3.2755898779296944
3.290325521548722,3.3130743760145114,3.293657856487214
3.2999656347416044,3.328212682108858,3.302262530806216
3.3076086327291754,3.333797511850053,3.3099719869266266
3.3095322568363015,3.3417021250457153,3.3176719316012884
3.3144472307232866,3.348082046519669,3.3237377847493113
3.3154519625496564,3.3510940179740616,3.326097138277374
3.3323453037156434,3.3506222644825336,3.336041837908855
3.3365157670200576,3.366445895914402,3.3373451516087753
3.3415843488397265,3.3709083917867892,3.3470584621871873
3.3465039405547663,3.3806318467805996,3.34953491157518
3.352378455812695,3.393587108518486,3.3526274844220025
3.360079836283597,3.3948213643552156,3.359753274166187
3.3642004172643896,3.39816410891263,3.365638471522685
3.370427171555545,3.404659659508878,3.3701836825879625
3.378983896420069,3.414431631844301,3.369161288736959
3.376735358089017,3.41224274088212,3.375503164108507
3.3928150724226263,3.42703273563326,3.3825795546278656
3.390577530687197,3.4290726809898495,3.3927959545574113
3.401164204972299,3.43060066766992,3.395728465967539
3.403894242320862,3.4359370814569283,3.3935454683643242
3.4054121812461275,3.440111487435787,3.4060351209967186
3.4138754877086,3.4438990333630057,3.409237230082249
3.4242256172168375,3.454718051220626,3.4151634582560733
3.428043856186167,3.459790649686512,3.421887418875219
3.4328548153121106,3.460014110210144,3.4227690535134307
3.4378793484119803,3.470389704794625,3.4270439358818585
3.440375717467191,3.474638564604292,3.4325355508539332
3.446388057799372,3.478689053051757,3.4388089027018873
3.449634130611191,3.4808885344308136,3.443879978392727
3.4546452815205932,3.485349597378336,3.4487915765290977
3.4579567940728593,3.485189381764502,3.4497405478285095
3.463491510403532,3.485953631591728,3.4539943514497944
3.4659540344398865,3.4963555607297216,3.45329864861099
3.4691064039919453,3.493881934937304,3.4638695840964053
3.4753023755767765,3.499891793323596,3.4674664651416114
3.4797272604485405,3.5054811625886737,3.4697454962950958
3.4822577046343133,3.509200821252624,3.475545917410016
3.485499740010461,3.5133562947799257,3.479078592689496
3.4864480233933244,3.512340613375008,3.4854789700741753
3.4909446278983864,3.5197657887017284,3.484919672147259
3.4906368424555767,3.5218679675967772,3.4843029084656996
3.4907040721547657,3.524202162152265,3.492254949813701
3.4973992600592636,3.5289559672441535,3.489282981500016
3.500609281179989,3.529891676911403,3.4930790264232376
3.5034733049961035,3.536894954657458,3.497795224316802
3.511563517012623,3.5399109234228185,3.5010542251262935
3.514402051550623,3.534419765087924,3.503696401108235
3.516609063075054,3.5445134473152544,3.5094005593141033
3.5172120115772207,3.5475839847382167,3.5126321772727174
3.516242712862783,3.550046234883223,3.5136863579868907
3.5238372110151888,3.5485186368823753,3.5143337249674502
3.5259541870098516,3.5577495067896407,3.517455565768973
3.5274732107192635,3.557102553759703,3.514608071629876
3.5323473487882424,3.5590948734651384,3.520928530333284
3.5349829742371868,3.562495189726308,3.5249292816989266
3.5345807552751545,3.5649430154399164,3.5307748850611786
3.5340151175723853,3.5669440069335225,3.5304439985989644
3.5405157331619215,3.570558447162738,3.5325907564990677
3.5431367765422594,3.5722286726964243,3.5370324960722384
3.544269796658802,3.5716156925394147,3.5393589915287906
3.5469048172042603,3.575727105739131,3.540876041717985
3.546831193707562,3.5766788643194793,3.5417005029945074
3.5495938096719684,3.5794947425394215,3.53755135805719
3.552626309230655,3.5737562635486766,3.5384015444964207
3.5510675665686593,3.5784626784484295,3.5420600983445496
3.5458469168508984,3.583052991467093,3.5449814581775967
3.5489224247117717,3.5838583067706096,3.550260472824109
3.5514199356461065,3.582485536755231,3.550676222413511
3.557103813178293,3.586205942485121,3.5544427233898808
3.5597900875041626,3.5868211705211372,3.557293255016581
3.56387366958538,3.584331502861082,3.559113412337034
3.5605924482346674,3.5905588654534215,3.5595710677707837
3.5608351380931955,3.59345426996376,3.5617344933032014
3.565275833848382,3.592063847571994,3.563184358944059
3.5668950109394153,3.5917178205920566,3.564704711562578
3.5665383358888576,3.5933124043198483,3.567370190557335
3.5681362361303774,3.5948783512546436,3.567368370450525
3.5691815726784606,3.594095763237565,3.564978179038044
3.570657182982605,3.597934111624138,3.5629817354319506
3.573242550224774,3.5895855256363385,3.562221529145355
3.5753894939964845,3.593612333498684,3.5626345664171666
3.5785845590086836,3.584990058948057,3.562025699855622
3.5724249369147834,3.5895104135120612,3.5661734074849187
3.572345500970239,3.5924855669335236,3.567973139712236
3.574606771968,3.5960829600347495,3.57151219666975
3.576836305662114,3.5984785504648626,3.573202181685326
3.57432492395671,3.601139259989837,3.5752428066469557
3.5724994513442594,3.6017870219485233,3.576207361890817
3.5773372450952414,3.596299440908735,3.573917310632429
3.5771121112679594,3.5989941936623,3.5738167654258604
3.57996101792005,3.598887718405249,3.5710440315415193
3.572270547266047,3.5989444117995455,3.5650740115199318
3.572717593483636,3.6018160085862787,3.5659438684791738
3.5721022593868312,3.5989069675528667,3.5763847366810246
3.574124421609683,3.597480730012496,3.5756428105252644
3.5747867042053607,3.6024686835807755,3.577054882601993
3.5721188474203664,3.6032765405416733,3.5789236976040946
3.576387467133538,3.5988676528811916,3.584778757336786
3.5760291351550437,3.59956636919409,3.584993897532827
3.576138196811751,3.6047217090821966,3.5875845118508836
3.579262998708534,3.6075324773974606,3.58909571081828
3.5811365114284825,3.6064289244635725,3.5905537896641535
3.582283246756039,3.604048629710648,3.5940310067829353
3.5821405956647467,3.6069807794705158,3.586741700582558
3.5815207791543946,3.606157392858389,3.589530491507774
3.579371124168042,3.6071033531436734,3.59012150720339
3.5795995029651144,3.606951276496372,3.5896440763412705
3.5863067060419027,3.6074050106799023,3.5922852451781906
3.5856456835736545,3.606723744534496,3.5939410867184223
3.5883218191241766,3.6079880914713813,3.593042899571472
3.587278512514009,3.6052284223019946,3.591943890260274
3.5873931568515056,3.606711290271214,3.5929562095336585
3.588614473511619,3.606975156576355,3.593711769339298
3.588270523610845,3.6087253729693978,3.5940692959428437
3.587569153975108,3.609152238378706,3.5938620274616193
3.588523172086277,3.606957428328579,3.594178249021083
3.5884790101126773,3.6080338087622423,3.5939496837008873
3.5874658396201227,3.610157801412216,3.5881777625782036
3.5914628598759135,3.6079203270343356,3.5863204119835643
3.5935919216014973,3.6063380091288986,3.588255018727758
3.5919209606678786,3.613864422244622,3.5881575185165184
3.595908754575852,3.613197743706676,3.594338170236201
3.596614819545343,3.6106470973393954,3.596088664933587
3.5982993882774728,3.61132905093395,3.599570276015797
3.5987256644949213,3.6118758036164254,3.6010135182306398
3.5979847039194732,3.615698382506774,3.6033757348733877
3.5997209477735934,3.61814508756161,3.602856172347784
3.5999760726799237,3.6133329063793846,3.6031032395869858
3.5968433433680067,3.6127410332449634,3.602724855945265
3.5976863624108795,3.6144758298331015,3.6031481533209075
3.5983954347646945,3.6188341930493535,3.6039405079233546
3.5980251533897807,3.6214490447363588,3.6043428843893617
3.6021560548606217,3.6185935499529824,3.6059678623810356
3.6024947398573497,3.6211967232486577,3.6066555688326396
3.6029070558980107,3.623736292522355,3.6073166716658056
3.6045994822115452,3.6263632765560367,3.6075445682122087
3.6072574235210992,3.6262844045207623,3.6080278182433867
3.6081765757612736,3.6264007469779136,3.6081210950587943
3.6101609343999703,3.6248658153160824,3.6132013358616946
3.6114778548326307,3.6267432839756446,3.614094833148113
3.611556724081236,3.628482831186853,3.6151716253474264
3.609927099469922,3.62631225631669,3.6200741377122343
3.610933098886813,3.6239664043710262,3.626189118494304
3.6108483170409023,3.6259954056416297,3.633314845246828
3.6119001288538124,3.6308166363012004,3.6337367311668336
3.614408518409712,3.6337436598092823,3.632862956206125
3.6162271075740415,3.6346649533319075,3.648581203696137
3.620190841617581,3.6342833229971943,3.656009394552496
3.607675194341278,3.6373119749215435,3.662288326619282
3.6224493031484997,3.644449127014621,3.6716197880767707
3.622695281760192,3.642128043092724,3.6692987229427794
3.623333473589512,3.6426925230843836,3.670268060655247
3.6222493751593534,3.6449745044173296,3.690548810199752
3.619081525743687,3.644028821107644,3.705003510237053
3.6214309357583994,3.642843551484708,3.7040271290731837
3.6245142825645873,3.6491006113827993,3.7062855364913565
3.616400455146701,3.6499845591681757,3.711165605851511
3.616732295979701,3.644127099198812,3.7138378643001544
3.6185764653394137,3.6532935260758372,3.7133737798229753
3.6228406906800665,3.652952596333879,3.7097582126094677
3.616404483239092,3.646036194380513,3.699572194569369
3.6113709435519157,3.6485875863899624,3.705477681577851
3.6115916355923425,3.647474568544934,3.7151979599159377
3.616911819506369,3.6441547069320728,3.7206889367496303
3.6110333794071474,3.650683518729354,3.723699277766652
3.603836315144497,3.649769952531205,3.7307454952941486
3.6130857978731283,3.6469688231455657,3.727517387196275
3.614360428076887,3.6092008011036016,3.7323862130774224
3.612941080113111,3.6109651142158983,3.738642546530774
3.5983757648995978,3.6154821976229305,3.739065075040389
3.604667670079801,3.617827951584739,3.742147171368482
3.6039788729998046,3.6211913970722263,3.7470529539400146
3.6030389200724455,3.6227317616714076,3.746738904659042
3.6010952754709726,3.6206039609349077,3.7487348820996225
3.5864453167318664,3.6243379294944775,3.761584114140427
3.54751252470057,3.6230174811828397,3.7668302512705907
3.546553890672856,3.6155672442148785,3.7698482835740705
3.556640904084027,3.613742583660323,3.7681756762786174
3.5580545479839225,3.6189693153435023,3.7652639956973295
3.5894399735169267,3.6768964939759465,3.7692790992589105
3.5873171497383174,3.6821139940714906,3.7685304930680763
3.586022934383684,3.6790022528839605,3.7571753805109296
3.582616904306583,3.6425236281673006,3.771781782830852
3.5839187756301802,3.6430432889641073,3.7676635411263737
3.6060024103714112,3.715706031031572,3.7798102213491505
3.610070658569284,3.7418674826591576,4.056643584786325
3.607875241440374,3.7397766114424957,4.053055206687634
3.609081682543407,3.7426131294667226,4.061738826522331
3.603651800327762,3.742817469331276,4.0780208368986575
3.6159799170975093,3.7609879612334556,4.070385584798535
3.6083963883738734,3.7646589130413752,4.067125138690476
3.5997351970409692,3.766517318109822,4.057430891117216
3.4676404586112266,3.7724149196428574,4.042895356387505
3.476559416632673,3.772731653306878,4.044529059603491
3.511277107334124,3.7214768654198234,4.090239331551781
3.507171742885632,3.7221987592329544,4.085308413940822
3.51198380342093,3.6833791729383454,4.099623979139194
3.446311050726654,3.679269161419698,4.1343540355600545
3.4663427668083897,3.674618142889417,4.149298113995726
3.465174953849206,3.6702830142445464,4.161014540149572
3.4803149495193337,3.6208148742436976,4.1609270009401715
3.483089438383459,3.61906676151794,4.181692656153845
3.493587471043084,3.6189208910177406,4.1706721664529915
3.4925545167517003,3.6262977645938372,4.177479063568376
3.504464499647496,3.623843542240896,4.172704320428877
3.544369542040817,3.622399124882569,4.162301219833226
3.550110699047619,3.4506681064141413,4.160906767642643
3.545885668344671,3.439253907643098,4.160377768286144
3.5400778780612248,3.4458422010227268,4.159213246975548
3.5529298908163267,3.453527597676768,4.1582337111861865
3.5674704659183676,3.986095050181818,4.15957492728979
3.581589300578231,3.986878175151515,4.161051149211711
3.5948098586394557,3.9996068411212122,4.214328708174603
3.5879045493877553,4.0115516675151515,4.215026260238095
3.622957206530612,4.014099083124999,4.217372095396826
3.6235189333333335,4.062948440583334,4.261224566706349
3.629467078571428,4.05813323625,4.251936505714286
3.628407696874999,4.06215471875,4.289951563235294
3.624868705357143,4.062452700833333,4.303814651010101
3.62635314375,4.051969426666668,4.289162849242424
3.6155097602678565,4.063032222666667,4.302529238888888
3.6148441308035713,4.075744242758621,4.382541383939394
3.6175529102678574,4.1905939142857145,4.37464576
3.6045684728494627,4.1874667910714285,4.374500218484849
3.606983723924731,4.189689000892857,4.378456612580646
4.0513704373333335,4.2040099425925925,4.5021784725
4.041134766428572,4.195785644000001,4.501364553448276
4.038808378571429,4.198691501,4.503882806034483
4.043243569629629,4.2068299905,4.499180496551724
4.047857111851852,3.878651061333334,4.505833859482759
4.031130421481482,3.882013884666667,4.497166290517242
4.0376132251851855,3.870576106,4.501654711206896
4.037455808461539,3.867968557333333,4.499776904464286
4.049462316153846,3.8769642466666667,4.491943061111112
4.039779303846155,3.887233361333333,4.495944530769231
4.0671813312000005,3.8842088380000006,4.503297627
4.046954232,3.8920060540000008,4.501453746999999
3.9934446458333333,3.8975177111111106,4.502465744565218
4.015250228999999,3.894837106944444,4.509416925
4.0395121255555555,3.9102481222222223,4.1640970133333335
4.0459440933333335,3.905509541666667,4.167397655
4.102931038823529,3.8936144763888887,3.9301526224999996
4.100685147058824,3.9021927863636363,3.9421136475000003
4.084513705882353,3.771820527272727,3.9354904225
4.096561007058823,3.7636439477272727,3.9383700375000004
4.1003230611764705,3.7668186454545456,3.9429186300000003
4.125751022352941,3.769706013095238,3.9313422925
4.132801618749999,3.7762301750000002,3.9257308368421056
4.146534448333333,3.7739016100000002,3.9197936305555556
4.092074430952381,3.7723327875,3.921955488888889
4.041301459523809,3.7771754499999997,3.9094932823529414
4.02748720952381,3.7655769250000004,3.9152212735294123
4.014772963888889,3.7735944200000002,3.9035292200000002
4.0189532,3.7746819499999997,3.887193513333333
4.023094633333334,3.7648277421052634,3.8951812500000003
3.3985358291666667,3.7563239960526316,3.904198792857143
3.3942345958333333,3.6751212868421055,3.8923327750000003
3.386820459090909,3.6595734236842103,3.9011929678571424
3.3922349863636363,3.678871828947368,3.893468307142857
3.3891027318181823,3.6850874526315787,3.8891941714285716
3.387831372727273,3.6716616236842103,3.8855965
3.3871813090909093,3.6817436277777773,3.8889235500000003
3.398875355,3.6679440588235295,3.883824165384615
3.399081445,3.670303470588235,3.8714482461538466
3.3922031777777777,3.6832511875,3.86889035
3.4048786333333334,3.6755517625,3.8626749409090912
3.41533500625,3.679275923333333,3.859893459090909
3.4452557857142856,3.6708547200000003,3.8693957363636367
3.4458938428571426,3.68166273,3.865654154545454
3.4657266285714288,3.6769313400000003,3.842101695
3.453934178571428,3.669646253333333,3.8403732450000003
3.444476107142857,3.67716955,3.8290367300000003
3.462851742857143,3.6843600833333334,3.83071731
3.4599007285714283,3.6836322800000003,3.836226305
3.45678065,3.6736669833333333,3.8357049950000004
3.4780423357142856,3.685797166666667,3.83899674
3.4700873999999997,3.686370216666667,3.838388205
3.4800290857142855,3.6656232033333334,3.835586305
3.482524885714286,3.679763133333334,3.838682925
3.4630954166666665,3.688397243333333,3.82917781
3.5188547875,3.6845364249999997,3.849007085
3.5198173375,3.671215273076923,3.83316698
3.5194001249999998,3.6719086884615386,3.80736555
3.5204969625,3.6704498916666664,3.8048654666666666
3.5227134749999998,3.684779933333333,3.8051272722222222
3.54130115,3.6731898041666664,3.79592826875
3.513872975,3.691114218181818,3.78486813125
3.5289363750000002,3.697234640909091,3.78980945625
3.476354483333333,3.687110568181818,3.77019141875
3.4790700333333335,3.6885028727272724,3.7785362312500004
3.4770922166666667,3.6931555272727272,3.8015937187499995
3.4699084499999997,3.6399922649999996,3.7876386875000003
3.4858947833333334,3.6483018599999997,3.7869722812499997
3.4796107000000003,3.6522874,3.7780314625
3.4842442499999997,3.658448535,3.7841335249999997
3.4680694,3.653618675,3.7754734375000005
3.073929183333333,3.6415426699999998,3.7885565000000003
3.499603416666667,3.6572181550000002,3.7890604625
3.4973952166666664,3.711350172222222,3.7794642125
3.48231175,3.727488494444444,3.7761680374999997
3.483060666666667,3.7249611611111106,3.770809628571429
3.4866003166666664,3.729837861111111,3.772955057142857
3.4758528666666666,3.7231007833333334,3.767368514285714
3.5051383,3.7155944555555553,3.7675012571428574
3.4926414333333335,3.7246224277777777,3.7643777714285713
3.5152086999999996,3.7121482125,3.7787732285714286
3.501655216666667,3.7185155937500003,3.773640957142857
3.4880487166666665,3.7156330000000004,3.770041421428571
3.5130316833333337,3.7117158375,3.7727834857142852
3.5144717500000002,3.7280892750000003,3.7701065714285713
3.5030489333333334,3.728676,3.764148214285714
3.5059268333333335,3.7304422214285715,3.7755354500000005
3.4993283833333333,3.7327046571428575,3.765810457142857
3.5134090000000002,3.7068996083333334,3.769427207142857
3.506508066666666,3.7010237083333335,3.767233864285714
3.509747583333333,3.702055458333333,3.7686857
3.490040083333333,3.70942885,3.7689110857142865
3.5103686666666665,3.7174723,3.7715714785714285
3.5067930166666663,3.71876558,3.7728410214285715
3.512136466666667,3.7182527100000002,3.767797057142857
3.507511083333334,3.71498858,3.77406785
3.527832966666667,3.7261476399999998,3.772908928571429
3.543697766666667,3.70776252,3.768508907142857
3.535379333333333,3.682124625,3.7692881642857143
3.53388965,3.6679141375000004,3.7699805
3.5316047666666663,3.6807783875,3.777627571428571
3.5396798166666668,3.6809872375,3.7704040642857146
3.533296983333333,3.6719293875,3.7803385428571428
3.5245768166666664,3.6740299375000003,3.7897396714285714
3.5417708833333332,3.6455257249999997,3.7828667071428574
3.5313354,3.6751515374999997,3.775157
3.5378476,3.6500399875,3.7817805499999997
3.4701344250000004,3.6503019,3.77756955
3.472897325,3.6576420875,3.783688078571428
3.48445955,3.5902639,3.775002907142857
3.4675756,3.6022337,3.775451628571429
3.47395495,3.5865910833333334,3.7791198
3.48041515,3.5945994166666666,3.7807834928571427
3.4692652749999997,3.6398620250000002,3.76111482
3.4710512500000004,3.6513068,3.76520835
3.47555455,3.6467199499999996,3.76056275
3.4828419999999998,3.6067813500000003,3.7167312
3.473115825,3.629144275,3.712610475
3.4677810000000004,3.6209955750000002,3.7240144375
3.476611125,3.6126921750000003,3.7173568
3.4653042249999997,3.605879925,3.7234346
3.4866050250000002,3.601113975,3.723731
3.48518975,3.61280055,3.7148175750000005
3.494602875,3.60410395,3.7201749875
3.5178401,3.5772658,3.7311985
3.5057404,3.5935638250000004,3.71677545
3.5019482,3.5928181500000003,3.7273302
3.516219525,3.57695475,3.0300690500000003
3.507708725,3.5752848,3.041832425
3.51583955,3.567221525,3.022687975
3.5063193999999998,3.565339025,2.9964988
3.499569875,3.5664702249999998,2.68059215
3.508499275,3.57787035,2.68017815
3.5169605500000003,3.5549050749999997,2.679482
3.5170081,3.57068145,2.70722415
3.51622275,3.5582997,2.68092345
3.524663575,3.5562218999999997,2.70731005
3.50478955,3.5777777000000004,2.711261
3.5176746249999997,3.57344065,2.68775165
3.51904415,3.562474825,2.7262088
3.52568295,3.583223825,2.7255819
3.5305603249999997,3.5709016499999997,2.72999275
3.509602,3.55444575,2.7347261
3.4863695999999997,3.5541949749999997,2.7435687
3.5068987500000004,3.563539675,2.75353465
3.495627125,3.5650293,2.75946975
3.4960352500000003,3.5480894249999997,2.7625168
3.5003338,3.55639695,2.77268685
3.503431475,3.5709679,2.7745641
3.508371725,3.56048395,2.77973485
3.5281324749999996,3.546777025,2.78316725
3.5214311,3.544012525,2.77060175
3.532025625,3.5646601249999996,2.7858974
3.5262564999999997,3.546371225,2.78825
3.533372,3.5408445,2.7945182
3.534365125,3.553708025,2.7792703000000003
3.53102265,3.5574721,2.790509
3.543192925,3.0965367500000003,2.785545
3.5518038,3.09126115,2.81442345
3.53950855,3.1038779,2.80985165
3.5342002,3.1017474,2.82076955
3.5302117749999997,3.10269205,2.83670055
3.5505785999999997,3.09693915,2.82296565
3.543346925,3.0805440500000003,2.8185302
3.5567842,3.09688535,2.84325195
3.5613233,3.0938926,2.85741855
3.543900325,3.0870984,2.8643959
3.5487324,3.10616115,2.8565488
3.5777837000000003,3.085875,2.8826657
3.566003475,3.11306215,2.8849125
3.583556175,3.0990539,2.89417945
3.5718414999999997,3.0975791,2.8733427
3.584032825,3.0956875,2.8897474
3.5694045,3.09576165,2.8845484
3.574998925,3.10206925,2.90031505
3.5460667,3.0834111,2.9059883
3.52035,2.195825,2.91037035
3.52488845,2.2023149,2.9437147
3.53655865,2.2271285,2.92003025
3.5317781999999998,2.2275407,2.93738755
3.5320866,2.2063618,2.94309495
3.5391182,2.224367,2.9589305
3.5399624000000003,2.2106524,2.96667995
3.5403384,2.2140675,2.9777187
3.5419748999999996,2.2167928,2.96394015
3.52748755,2.223596,2.99641185
3.53961685,2.2078347,2.97602225
3.53866615,2.22179,2.9973365000000003
3.5429915,2.213754,2.99433925
3.55370045,2.2297027,3.0014207500000003
3.55431015,2.233698,2.99832315
3.5492725,2.2254648,3.0135007
3.5629729,2.242455,3.01993345
3.5545477500000002,2.2244973,3.05944935
3.57100975,2.2431037,3.02177835
3.5638715,2.2525969,3.0269077
3.5700454,2.251577,3.0346771500000003
3.5632277500000002,2.251521,3.0446942000000004
3.55372985,2.2621737,3.0332209
3.5760845000000003,2.2402074,3.04576015
3.55501925,2.2634032,3.0487638500000003
3.5819369500000002,2.2561078,3.07540095
3.5672938,2.264125,3.0766018500000003
3.58577025,2.2785313,3.09509735
3.578107,2.2866032,3.0789714000000004
3.5901139000000004,2.301222,3.09728185
3.5994573,2.3116434,3.10723495
3.608306,2.3117063,3.09764
3.6191366499999997,2.3463795,3.10700735
3.60855675,2.3198662,3.1064904
3.6090572000000005,2.3428109,3.12986325
3.6268117,2.3563476,3.13330065
3.6006631999999996,2.3853822,3.1377511
3.6045521999999997,2.3969407,3.1457899
3.6044199,2.3780434,3.135156
3.6061224999999997,2.4019165,3.11153075
3.61781135,2.385609,3.14258755
3.623443,2.4330127,3.1399149
3.62989435,2.4051218,3.14495565
3.633619,2.4240222,3.1457075
3.6215969,2.4424527,3.1670302
3.6276915,2.4022095,3.1549125
3.6409597500000004,2.437269,3.16041995
3.6383221,2.469812,3.1737139
3.65347885,2.470779,3.1563540000000003
3.63904375,2.432076,3.1705077
3.2251885,2.436013,3.17140815
3.2399964,2.4831493,3.1794634
3.226828,2.5004928,3.18712915
3.2521396,2.5123055,3.16664995
3.2327247,2.5257108,3.1736157
3.236336,2.5152805,3.1896627
3.26686,2.5622246,3.17557625
3.2357025,2.5578983,3.18464245
3.2426643,2.5437872,3.20399065
3.2553747,2.5598364,3.18608105
3.2578225,2.5668802,3.18042625
3.2667186,2.5830512,3.1633054
3.259872,2.5871272,3.1678936
3.2474172,2.5887816,3.1796962000000004
3.2614875,2.5856967,3.1597718
3.2527456,2.6133416,3.1927208
3.252604,2.5896356,3.1721046
3.2393522,2.596313,3.1992432
3.2416697,2.606795,3.1852173
3.2590563,2.6605573,3.1707846
3.261455,2.6560707,3.18730465
3.2821996,2.670101,3.17171835
3.2809348,2.6719475,3.19428155
3.2656093,2.6763556,3.20612335
3.2951994,2.679681,3.20631645
3.2670875,2.6894152,3.19815825
3.2797673,2.7152524,3.2069107
3.2682173,2.7354596,3.1994711
3.2823548,2.7512412,3.2123189
3.2710607,2.7367032,3.19442
3.2796285,2.7309923,3.22870465
3.2590349,2.743307,3.22940635
3.2821715,2.770192,3.20632915
3.2760556,2.7746572,3.222809
3.28185,2.7754235,3.23246495
3.2736983,2.7831109,3.21334965
3.2628787,2.804849,3.2412313
3.2794285,2.8051715,3.2291405
3.283539,2.8088064,3.2463473
3.2822988,2.8401165,3.24681495
3.264017,2.8618877,3.2472748
3.2682142,2.8487043,3.24581475
3.2733498,2.8934891,3.23919265
3.2487,2.896977,3.24418115
3.2488596,2.8544035,3.23543525
3.2837846,2.8712208,3.25030265
3.3044162,2.924924,3.2361143
3.2937222,2.9525883,3.32259485
3.2677069,2.9553847,3.31600705
3.2943327,2.9352813,3.3175554
3.289226,2.931668,3.3306545
3.2955163,2.9026117,3.34198905
3.2894347,2.8569474,3.3537289
3.281923,2.8347824,3.3428080500000004
3.2720082,2.8869002,3.3597604
3.2964354,2.8489103,3.339813
3.2843118,2.854403,3.34857395
3.3080516,2.8590488,3.3439158
3.2994554,2.8511472,3.32868715
3.3052166,2.8653347,3.3565257
3.2911644,2.883974,3.36689845
3.298659,2.8922226,3.3479913000000003
3.2804644,2.9064713,3.36576625
3.2793226,2.9177637,3.3551621000000003
3.2987769,2.910549,3.3316774
3.275249,2.9137523,3.3420261
3.2951553,2.9054859,3.3324699
3.2807233,2.9362593,3.3437275
3.291183,2.9184847,3.4141686
3.283255,2.900984,3.4116975
3.301441,2.9103022,3.45747135
3.3058066,2.9238904,3.4942553
3.3016171,2.9182775,3.49190125
3.305289,2.9665663,3.41263855
3.297226,2.9646533,3.39302435
3.30566,2.965242,3.4222024500000003
3.2921207,2.9630618,3.41090775
3.2918003,2.9212859,3.41319395
3.3063262,2.947448,3.3867422
3.3191032,2.9000483,3.42687705
3.3041816,2.9461074,3.40401305
3.2995312,2.934321,3.42284125
3.2966845,2.9282246,3.44631065
3.3010178,2.9284978,3.4319708
3.3270926,2.9034529,3.41542565
3.3050237,2.9085524,3.42543165
3.306449,2.9277067,3.43767105
3.2997673,2.9227362,3.43721655
3.3033564,2.9678705,3.45412475
3.3108895,2.9638932,3.45104635
3.3000574,2.9613104,3.45295815
3.30476,2.9862049,3.4373050000000003
3.3256047,2.9889524,3.44069435
3.318104,2.9573205,3.46285125
3.3150804,2.9710083,3.45670535
3.3146577,2.9690137,3.4324477
3.3450623,2.9908807,3.45547685
3.3418524,2.9693089,3.4598968
3.316406,2.9823523,3.4584801
3.325943,2.9848032,3.45020165
3.3291724,2.9772866,3.46657005
3.3219438,3.007705,3.4617822
3.345849,2.996521,3.4666909
3.32589,2.9895415,3.470966
3.3138711,3.0070946,3.4754374
3.335434,3.0142992,3.4718790000000004
3.3338888,3.025082,3.46008765
3.3310142,2.9940686,3.48362325
3.3083966,3.0209026,3.4777875
3.325906,3.003512,3.48031665
3.3233862,3.0154126,3.47665835
3.3062024,3.011285,3.47877335
3.307478,3.0278382,3.478096
3.3170543,3.030731,3.4737712
3.3071003,3.0266786,3.4771746
3.3307457,3.0356317,3.48737645
3.3517041,3.0425024,3.4762487
3.297591,3.0336401,3.49544535
3.3210492,3.0245025,3.4830769
3.3286057,3.0363967,3.47366975
3.319482,3.048501,3.493655
3.2810256,3.0361452,3.4754693000000003
3.3198328,3.0319152,3.489673
3.3202887,3.043725,3.48636845
3.3081834,3.0379481,3.4821034500000003
3.3005996,3.0206769,3.4934535
3.2891386,3.0492845,3.4833466
3.289582,3.0527928,3.4818177500000003
3.2559757,3.0700293,3.49718665
3.2275665,3.0585384,3.4998996
3.2276764,3.0286393,3.50621665
3.1873295,3.0568464,3.50382145
3.1809006,3.037543,3.5137876500000003
3.2089813,3.0451264,3.52542935
3.1745894,3.0431175,3.52862955
3.1739423,3.043059,3.52948965
3.1903696,3.038631,3.5248345
3.1777499,3.064044,3.53181005
3.1772726,3.050437,3.5337634
,3.0596755,3.5239794
,3.0474925,3.4972804
,3.0358872,3.53962765
,3.0395262,3.5324472
,3.0329804,3.5444832
,3.0272813,3.54543875
,3.0300782,3.52882125
,3.0402646,3.53927255
,3.0403507,3.51319945
,3.0304234,3.5286959500000004
,3.0350997,3.53781115
,3.0635107,3.52558375
,3.0646322,3.5441841
,3.0621696,3.52649605
,3.0443156,3.5251126
,3.0581913,3.5223578
,3.0545785,3.53666385
,3.0614498,3.51264205
,3.0559733,3.51943575
,3.0585186,3.2273507
,3.0550683,3.2047324
,3.0444942,3.226946
,3.0699136,3.186923
,3.0679154,3.193736
,3.076217,3.2012167
,3.0754254,3.2024164
,3.081641,3.2290094
,3.0763135,3.2187154
,3.0794232,3.1858225
,3.076909,3.214564
,3.0819733,3.238334
,3.1153607,3.2341383
,3.1413553,3.2269263
,3.085633,3.2089427
,3.1095552,3.240593
,3.1239543,3.2179286
,3.2352667,3.2564502
,3.1636329,3.2126565
,3.3428173,3.2210393
,3.5402975,3.2338738
,3.5060692,3.2492082
,3.300322,3.244054
,3.2872097,3.250754
,3.2572887,3.2588298
,3.2575374,3.2494345
,3.245957,3.251491
,3.2468145,3.2434871
,3.2639945,3.2573943
,3.2620206,3.218188
,3.2419841,3.2623296
,3.267088,3.253209
,3.274085,3.2488673
,3.263247,3.2740912
,3.2758875,3.2570202
,3.2816565,3.2553096
,3.2769015,3.2765312
,3.2650485,3.2595155
,3.2683864,3.2606719
,3.247316,3.2706144
,3.273389,3.2690504
,3.2495732,3.2663124
,3.2570856,3.2979949
,3.269533,3.2959836
,3.2646732,3.2951827
,3.273185,3.3151624
,3.2570658,3.2767642
,3.251812,3.3040402
,3.267851,3.2821465
,3.2452064,3.286279
,3.3014169,3.2726622
,3.338524,3.2816637
,3.3672879,3.2916424
,3.3754532,3.2982798
,3.3377964,3.2984324
,3.3675606,3.3063798
,3.377069,3.282235
,3.3391836,3.2719212
,3.3924642,3.2866733
,3.3710592,3.2760954
,3.347759,3.3144705
,3.3931434,3.2953334
,,3.2787068
,,3.2829232
,,3.2947464
,,3.2960684
,,3.3082683
,,3.2899303
,,3.2915459
,,3.296
,,3.2723765
,,3.2903066
,,3.2801073
,,3.2879746
,,3.2630434
,,3.2667491
,,3.2541254
,,3.2752893
,,3.2777886
,,3.2653646
,,3.2640233
,,3.2507186
,,3.2798657
,,3.2785628
,,3.262295
,,3.2908652
,,3.2599158
,,3.259474
,,3.2727966
,,3.2659092
,,3.2670808
,,3.2512465
,,3.2821906
,,3.2588973
,,3.2551227
,,3.2620623
,,3.2422168
,,3.2546704
,,3.253895
,,3.2597868
,,3.260934
,,3.2553675
,,3.2222457
,,3.2440073
,,3.2612655
,,3.2601042
,,3.2522182
,,3.2518659
,,3.2513418
,,3.2683554
,,3.2486796
,,3.2459462
,,3.252699
,,3.2448027
,,3.2390475
,,3.2625458
,,3.2536087
,,3.261591
,,3.251114
,,3.2488089
,,3.2508266
,,3.2529452
,,3.2640178
,,3.261034
,,3.2533937
,,3.2515726
,,3.262038
,,3.2517815
,,3.2682033
,,3.2432675
,,3.2414925
,,3.2425888
,,3.2294905
,,3.2274399
,,3.2194176
,,3.2258584
,,3.2146728
,,3.220454
,,3.2327418
,,3.2120907
,,3.2122254
,,3.154193
,,3.2029004
,,3.1701012
,,3.1577058
,,3.1313705
,,3.1785314
,,3.1266623
,,3.1248116
,,3.153006
,,3.150611
,,3.140621
,,3.152169
,,3.1280546
,,3.1446939
,,3.0989504
,,3.1122136
,,3.110261
,,3.114692
,,3.1203837
,,3.101185
