Main - E1,Main - E2,Main - E3
3.8251592323397956,3.571512890457165,3.50965797975084
3.8235957296020517,3.5690898737855923,3.508226112656147
3.823538527392391,3.5689799789175445,3.5074869913734092
3.8219228911292156,3.567113247862396,3.5070460109383275
3.821658219285679,3.5672136734723923,3.506283058592392
3.820017527394812,3.5677633407877933,3.5045372220270417
3.820355729776712,3.569077711389577,3.5049227980516413
3.8214368872435203,3.5680082316425716,3.5065929161030738
3.819355290889787,3.567818323889713,3.50542036471647
3.822483408842399,3.5693384675642292,3.505674180943765
3.818944390070313,3.568692244710417,3.5061441967254545
3.8213047223449186,3.5684210606755373,3.5060485747547725
3.820585972182434,3.573405980896662,3.5071367986755817
3.8201061632680733,3.5723442825587055,3.507913750088722
3.8215138316475796,3.5734630460081718,3.5092929865106806
3.823080101135777,3.575666386113087,3.5099133068334125
3.8235867544562687,3.577714150145879,3.51096397563199
3.8234644678739493,3.5790508656385924,3.5125424871386293
3.825345870530645,3.57933363764865,3.5136037092824317
3.8274573982436886,3.580857028288533,3.5128068935391012
3.828621830183291,3.5854530904588877,3.516785618809503
3.8293318216961736,3.5857815252739442,3.5184239587175767
3.830236685262585,3.588500058350791,3.5196697410831996
3.831039934874812,3.590495082413992,3.5204847390291456
3.8345575412718764,3.5936061114109052,3.5210459156463036
3.836645313031346,3.59576935218931,3.5244864076876787
3.8374078145546506,3.5960740625130008,3.5259059271451667
3.839316312667431,3.600230148299005,3.5272774118919243
3.8408021577875315,3.602319614050232,3.529564515306363
3.8414878739256237,3.6042680062439842,3.530670195937394
3.843491248821208,3.6030556479696445,3.532786461027468
3.844497160828948,3.6045081818614406,3.53487409400852
3.84590019751863,3.607941065133474,3.5352266696356893
3.8468517113141205,3.61133705869498,3.538242972371313
3.8484031951489763,3.6118598577976635,3.541193400451337
3.85090900271964,3.613697962938608,3.5415977028625925
3.849197531584495,3.6153346190781193,3.54342572850996
3.850865184987825,3.6171366901986284,3.5453202642944293
3.8514305669398126,3.6170075779405186,3.5464301667320144
3.8524551592025604,3.6182739586379933,3.547932011849398
3.854035185116311,3.6187239748554547,3.5497651138689874
3.8540534168930782,3.6187198119660833,3.5494675856050444
3.854819020633517,3.618409912670103,3.549282227165945
3.8563460327292183,3.6189067104971926,3.5488999345265646
3.8569427115090242,3.6181627644179977,3.5474863801116356
3.8558007175383144,3.6184074602315386,3.545914563473056
3.8537203822587465,3.6156484956454564,3.5435054540461337
3.8507855788552066,3.6090291234572347,3.540750555924535
3.8447263319726894,3.6055489686612865,3.5349580341688673
3.8384512068875702,3.5982354600492146,3.52752008704151
3.830237382453055,3.588145684809878,3.5174782079589404
3.8196646085752883,3.575162949050122,3.5082507530969735
3.8066092892610484,3.5622477698573105,3.495361572147553
3.7909569498019735,3.548537238854775,3.482234022789581
3.7741035619040253,3.5287658743765284,3.466000542301157
3.7551289034826256,3.5089186097305025,3.448316640621458
3.734999538125693,3.490753290865512,3.4308142772967565
3.714975715082172,3.4717840140022154,3.409945614848593
3.6938385797791327,3.4490506186243968,3.390680319019239
3.67142257462949,3.426026240072571,3.371454316712623
3.6478686845618427,3.4077807639397135,3.3499716470359098
3.626345557418214,3.385826554517807,3.3294562187422043
3.604133094165263,3.3644290335864233,3.30666251990845
3.582439612377198,3.343053521483552,3.285429089282551
3.561068112510982,3.3232306542864185,3.267003820404618
3.5412205038529607,3.3024691306070713,3.2497877710413583
3.5200583576789746,3.282070781987521,3.23197191111901
3.5004823398622866,3.261640373076984,3.2132041091338146
3.482431172865529,3.2471568435891287,3.19474713642019
3.4637403559720292,3.2297432809063187,3.1785488508489506
3.444045483861872,3.2121438403346745,3.1635581425132164
3.4261719898927416,3.1946599741003023,3.1470053125597657
3.4104419459858533,3.182194485652273,3.131592976407336
3.396811747518631,3.1667742473768814,3.11809431400901
3.3829411165028844,3.1537744982257108,3.1049323617127924
3.3697495998102185,3.1405078590073527,3.092175649846613
3.3574083738952396,3.1284444009546775,3.0795058713507895
3.3463494016596846,3.117219189797653,3.069672003657389
3.3359313032965274,3.107569547218611,3.0592825725806323
3.325147132507965,3.0987456211543387,3.047112526730216
3.3156890067194715,3.0915488563702307,3.0393168398767463
3.306338743468801,3.080390076346143,3.029365352060865
3.298855725271603,3.0721774381147555,3.0270315285238745
3.2925495271917677,3.066796816047344,3.01937101492147
3.286367737410881,3.0602137327630814,3.015117119916377
3.2803318598848117,3.0567393889358554,3.0081749989653295
3.2754680013942923,3.05108797915547,3.0047173334012234
3.2716394233803845,3.0449354889997573,3.001224716686164
3.2661217902022015,3.0433245156119804,2.9984242757248056
3.2640808312134224,3.0421972008375113,2.9955590179344838
3.2631430348030257,3.037917513249364,2.993342422210116
3.2616314948926,3.036643172867111,2.9906735844592296
3.260496735869507,3.0370010496053697,2.9906974746500032
3.258258284354975,3.0329521931363876,2.990106781043692
3.260712695318163,3.0320387867472993,2.9886253670507927
3.2601660848958636,3.031709035635175,2.989324675021593
3.2618292358750507,3.034010620274885,2.9900061169164203
3.263578140143678,3.0362748404944035,2.99084133129792
3.265310621054026,3.0375279411168754,2.9933186412088517
3.2685683577820237,3.0376394643705282,2.9939866785487528
3.2739012721109284,3.041834595311314,2.9960257729843236
3.2759315398196214,3.0454733403862373,2.9996756110224134
3.279671054940318,3.0485592074258165,3.0029484111883895
3.283423061867956,3.052024699591054,3.005311558106812
3.2897624923699356,3.0578794457542258,3.010793822625236
3.2926463964710253,3.062172450956904,3.0139832963797004
3.30085843066506,3.0645272871558307,3.0177824058104923
3.305339549550476,3.0691118352917584,3.02231058116271
3.311319461174301,3.0764853843671984,3.026750703660891
3.3183337620717372,3.0823500002821604,3.03337176944885
3.325609348812647,3.086197875441562,3.039195662646405
3.3318953900997856,3.0937417785907377,3.0452177043082593
3.340359145619272,3.103307458855429,3.053040331299413
3.3475389165319704,3.108229649666718,3.0580894827344203
3.355538594271048,3.1173670875012385,3.0642068985104602
3.364152776433624,3.1294031441679966,3.071917005376108
3.3676896431665333,3.138342586009396,3.080022025149159
3.3751859138759768,3.1470451537540347,3.0881047306539404
3.3861581502462705,3.1542613701254187,3.089195284372118
3.3966297766970515,3.1618745950758522,3.090823521883066
3.4096896777729357,3.1740135570461057,3.1091234622282604
3.4195777052429372,3.177498375395031,3.1156083243247203
3.428834947907667,3.18659368113641,3.118303368860633
3.43841743401741,3.19440156531765,3.126559886674822
3.447563165173045,3.206982561994451,3.135850079482525
3.449790387694132,3.2152146698325756,3.140878615769286
3.457802544383815,3.2248143564149507,3.155900015172658
3.4663074650069476,3.2198082650761095,3.1547738915196355
3.4758632412917003,3.2453500416133076,3.1791455972450535
3.475108767523332,3.2526407318161406,3.1857006006865043
3.4754711632741433,3.2613305829526746,3.198461686897283
3.4949559696156656,3.269957575033825,3.2046915568405696
3.499237968910537,3.2792803360180978,3.2077144696311373
3.50935003302468,3.2884793858320913,3.219356601000387
3.5230031583650856,3.2978674137489667,3.2286541248408263
3.5384240345218094,3.3042939748515856,3.2080863793899006
3.5396364541544565,3.3174668043534297,3.2197101166926716
3.5504930186902657,3.3244399948191528,3.2195186761007593
3.563581743825383,3.3320551838823165,3.2561141228985404
3.5793339411520213,3.340561386682251,3.2487413689748883
3.5855951810933226,3.3475689861149314,3.2583229910706626
3.5905197882629856,3.3585858758118072,3.25924607472746
3.5886432903771066,3.36524242419229,3.244444487015863
3.5904331412289308,3.371377222493172,3.267200702657874
3.6036125263176286,3.3710126880284563,3.3009184148698076
3.605612752863003,3.377504286973631,3.302400442636795
3.6157387480624323,3.381921619610375,3.296893640900026
3.6166256322024686,3.3979752743463267,3.302634377052388
3.622882004764185,3.405833857440302,3.3243064021413247
3.6370874250348053,3.4117236053857005,3.3281471998580123
3.6283968654308594,3.407373082160956,3.330169689335551
3.628734132297798,3.4059295477193827,3.335567511600403
3.6375842008192643,3.4382503928086576,3.3403705436845472
3.6592274644363045,3.439220603249563,3.3520178858197367
3.6593539571023674,3.4356895584586753,3.342706902816033
3.6529025196124025,3.452478763437443,3.355257828893369
3.671892413838049,3.4437657315238193,3.359282570231467
3.6781902153708614,3.457781009365361,3.3704289002290104
3.6754219860922697,3.4603482858712624,3.375245247577238
3.683693736050201,3.461882769150722,3.33911442723239
3.6895465738387507,3.4558053971731484,3.3800468671940562
3.6973720901297837,3.455879704617948,3.3814151106549857
3.7024798966150554,3.4694247953509567,3.39149518078991
3.702155664782501,3.4815125746847273,3.397158522567177
3.703697470765828,3.4864363648618415,3.401356727513105
3.707238830733057,3.4862617042806385,3.402159904023185
3.716583622856897,3.4856076949227996,3.39650800057372
3.7226663652088687,3.4978852201705832,3.4004101247163567
3.720601018919063,3.5052515130209527,3.407807189967875
3.726242922164224,3.501698195655073,3.4096948602165043
3.7330092659859226,3.506997670034983,3.4266824850361233
3.7386098142419613,3.512924657964389,3.4132727598827097
3.7443457233312634,3.5210919961614415,3.424249511302957
3.743503300368861,3.524591007655095,3.4306488842162395
3.74807259670863,3.5258731969690893,3.4293346537711664
3.745125571827397,3.531349217868474,3.442392321383241
3.751932119729345,3.5307255553010117,3.4295953205730227
3.7422726572976925,3.528849068098544,3.4506193319644067
3.7584176163045067,3.536193769999168,3.452288707295992
3.76119037902576,3.536284474190256,3.4546857997843103
3.773804850161151,3.5369823700504526,3.4600790235094316
3.779526911993109,3.5246815678733254,3.4584918970228706
3.780334766443238,3.5318704151586777,3.4569283373093427
3.7847920620802284,3.5414061618736765,3.469631005504018
3.78260920661488,3.544725760616288,3.4637788209900378
3.7930829070405805,3.550700555424111,3.4695366119937523
3.795103548568411,3.547264210922711,3.4684134486583553
3.7910648140299714,3.54876451955764,3.478908922802977
3.804450204786991,3.5537345389260127,3.481141174291502
3.8064662193625183,3.5665881840079927,3.484797831299538
3.8041879907407408,3.568864747947496,3.473888355052156
3.801201255904909,3.5665659724613237,3.4807692538665784
3.8110756385371487,3.5665100453804763,3.487942157514246
3.811668483883724,3.556345737605511,3.4941608109774736
3.8221559890540746,3.5725930145968996,3.4959462545937816
3.8153806246108943,3.5667309884785667,3.4915346237927793
3.8293516572968516,3.569403578661865,3.49724244307708
3.831362659805342,3.5696072706043287,3.503415555544504
3.8352663786231105,3.571317176198542,3.5051417110370173
3.837160895603624,3.5672510095804624,3.508000469503183
3.840665850603975,3.5691163048840595,3.5081700584751845
3.8435848793271163,3.5875225571899825,3.5109820523276944
3.8439578712355975,3.5866783144578562,3.5047703464425775
3.850976065317215,3.591874241445102,3.5055314580174675
3.854658647902615,3.5933568671992147,3.5176338475184004
3.8566211726643793,3.5951087429786535,3.5196014347264666
3.853711859606192,3.5962635279317796,3.520654516932184
3.8607413818970437,3.598688936356372,3.526255922796326
3.8640046228920184,3.60351680708627,3.5248233563063165
3.867501917589048,3.5894280891039765,3.524876846913675
3.866244190729057,3.592419525051274,3.531052427025288
3.862885778811453,3.5948610796347693,3.5329448133380295
3.8662842399973343,3.59112340022658,3.537210973642922
3.874619070467208,3.607708225335845,3.533587018865134
3.875763089865128,3.6110068765786494,3.543970373472188
3.8766996793757813,3.6118104481366884,3.5431461920802834
3.879190088963307,3.60639016673775,3.5475545029877886
3.8828819900552256,3.6088641961391694,3.546138351388074
3.8827979005864313,3.607891537624277,3.5522315173359074
3.885073492462142,3.601881026020494,3.552016025240416
3.8793536906811648,3.6051999466376676,3.5514510095750667
3.8814446005130656,3.6047041814079597,3.557754293038157
3.886941268273477,3.6139967692977093,3.56112208820725
3.889986381073112,3.6247612495513506,3.5606148070504466
3.8922701845895964,3.6259462755905574,3.558140537505951
3.8911615221958016,3.625826592837414,3.562127250840766
3.890426480320758,3.626359286983668,3.5575220439633206
3.893432712610241,3.6272911641563312,3.5621646511722096
3.8844912981670605,3.6279598388601935,3.563434668480383
3.8856401726860623,3.622601582260148,3.564482514420869
3.8939825162600172,3.623827972185869,3.5574390241708556
3.893090944219577,3.6130970282653534,3.5675629337459775
3.8957235089089925,3.6312777913031624,3.5668997753134875
3.897114367530841,3.632635636686581,3.5683793575312905
3.896949460250165,3.633318087353306,3.5669165270559384
3.8972861363575566,3.637352236402843,3.565697669682477
3.897911670548081,3.6389544147405273,3.572104189210421
3.896835514143686,3.640581455147219,3.5653385613774207
3.897428152158085,3.640794819610021,3.5685423591768832
3.898538079998211,3.6222882655161213,3.5688179851034234
3.895511986733786,3.6274679443051534,3.5710071512270494
3.897797831282298,3.635647910314797,3.5752583829858495
3.898853522214643,3.6493365397093624,3.574306636989783
3.8949201196151733,3.649813689485684,3.5750054644148657
3.8970970230085045,3.648914501154813,3.5757906237247
3.896245253885205,3.6530887017164715,3.574137371585769
3.8970275060993926,3.6538159868720186,3.575030195675441
3.889720726192266,3.6547850841468255,3.57544397124247
3.8867478619888294,3.656657337737242,3.576313582389138
3.8895456119648997,3.6555448644515836,3.5789668373691983
3.896940668142043,3.656663226837229,3.570644178132465
3.8983377137473156,3.6525057419679507,3.562949386211655
3.8979422197474847,3.6485512159054823,3.5690584317969583
3.8982433571028245,3.6518934794174447,3.5742461790692936
3.8996155973541113,3.660344300827363,3.574630075165512
3.8998072775104213,3.659016800059496,3.5763041312910238
3.901075369172035,3.6602739010942416,3.575488669963497
3.9002548707408105,3.6616124632998686,3.5723872304726463
3.9020173020756346,3.6621941266290507,3.5690553708684725
3.9003672101531266,3.66262522013294,3.569644241269553
3.886120820609171,3.6545279602378797,3.57106667207536
3.881027568416445,3.6464944460127215,3.576598440583333
3.888466111045472,3.663708691363621,3.5777774631670454
3.891854985207389,3.668034942837868,3.576696718155852
3.8916807100936714,3.6694597755789324,3.5778248974224782
3.890274824402046,3.6700250809101953,3.5792514696093867
3.8906263118336106,3.6711705187313237,3.5814987189973415
3.899382323888253,3.6727540333392503,3.5810311856384596
3.8880800869970438,3.673476954913741,3.5822756677785152
3.895804967237249,3.672516379290287,3.5779548083840766
3.899339807892308,3.6699728725870187,3.5803660111397013
3.8984307928376283,3.6698708569663836,3.583157185490235
3.8939471620167483,3.6693049465154894,3.5820634644595053
3.89245714981906,3.666003976423956,3.586140644780651
3.8918576290390674,3.671252550149478,3.5856280029940613
3.8947306968592272,3.674225934163173,3.585882118633717
3.8903442993640405,3.6732882343193674,3.580392025299809
3.8989899335934823,3.673836176538886,3.5830162101848018
3.900255666992308,3.675739575081522,3.5862919663338437
3.90142006756457,3.6720222819708797,3.580951261691655
3.9000836357178104,3.6778360975195477,3.5821321077394
3.904260239180296,3.658241665671453,3.5836237820448913
3.9054033490714284,3.668684273049075,3.582872194649437
3.9048558555403936,3.668851962262643,3.5756838515560774
3.904692100169805,3.67164362738495,3.5873403756360824
3.904800948677358,3.681300071274682,3.589840861666006
3.9074682902409412,3.6816864202589534,3.590465168634869
3.9065531899734167,3.6806895158538473,3.590160643192116
3.9065353450941798,3.6743782774800025,3.5908304412222014
3.906142035549608,3.6835842935737153,3.591879443277251
3.9066178390349244,3.684452652166462,3.5916860425861152
3.906765989607519,3.6836224191177154,3.5915691919738464
3.9081759339882964,3.685284409901803,3.5918582454048114
3.907846767413518,3.6838105055545527,3.5905208425711073
3.9107871749531546,3.675545489289277,3.5946438241217664
3.9122714150172113,3.6895600521955076,3.5930850948328428
3.9126317693566426,3.683919141120917,3.593772939081145
3.91305905284516,3.6906540322498627,3.5907474681700933
3.9141896885925966,3.6890484522601463,3.58841319865452
3.9146592987509954,3.690763366547791,3.590448622836695
3.9165422536735166,3.6915751372828582,3.5973388332273
3.9070885572402174,3.688913570683563,3.602691866831278
3.9114313027775878,3.69285103688937,3.604039590084583
3.9175987535224026,3.691612106555887,3.6030036733563136
3.9185104741609122,3.6921072975878246,3.6030278464958805
3.9199420595383168,3.698171165041896,3.6027058572503208
3.9221091612289123,3.7006424101739284,3.603819065917945
3.923038486746716,3.7005102809010766,3.6053011951339564
3.918059143479984,3.703052253196251,3.606145744862605
3.9282580563355807,3.7052220256748782,3.6071031621400267
3.928373735661384,3.7103064445133542,3.603802250700639
3.9267585431940164,3.7066904082859002,3.6113497668368906
3.9286577511677265,3.7039956702997534,3.612718262212391
3.9321473125432718,3.7106961373482683,3.6150252409196915
3.931585994625615,3.7113967625003665,3.6170260380030745
3.932817838209867,3.709381760148946,3.6175446449401263
3.9352656319235217,3.7115065189995904,3.6207300109906235
3.939001563754411,3.709279883346935,3.6216831103795473
3.934106938506003,3.704811335902061,3.6252413838032296
3.9386212592106906,3.7095198765971986,3.626668976113456
3.9370110300952916,3.694011919403704,3.6286388007190817
3.935239990662555,3.697201152797934,3.6277839698798515
3.929571253623183,3.7147876134811213,3.630682728384882
3.9363368034400814,3.7168074743908335,3.6316538596039356
3.943181661326487,3.7152470677392393,3.6292104639527003
3.94342784315002,3.71957510913992,3.6317990594453313
3.9453293304592796,3.716854147971192,3.628559984600418
3.946464198550319,3.719604920712812,3.6288958080433593
3.951440965489508,3.724734648082778,3.6273813128668144
3.958776623230496,3.7241325311728,3.637300871429518
3.9637776811099683,3.714419992501488,3.6387149013113325
3.9652879281395164,3.7178953143194056,3.63597082587874
3.9692371895017073,3.7157246570478706,3.649326645927082
3.967434272549557,3.7124105140806662,3.6537172993522247
3.9688082688195356,3.6934537912603664,3.654261920892631
3.971294821518518,3.6783631872906755,3.6508732015634395
3.970021078056136,3.6915348181657235,3.652237435000383
3.978323933999961,3.676201507972222,3.6557497260804594
3.97755238348975,3.6819442072047615,3.652115183249535
3.9761499825663593,3.6868237693700805,3.6584780809963595
3.969930619630958,3.6992376470726023,3.654327813024767
3.8143322168944795,3.7120612316704715,3.6512995480853867
3.8240419054887576,3.715631160776931,3.659186231269158
3.826852490194667,3.7238082507205297,3.6565717770566004
3.820985467383373,3.718316349757284,3.657303468157287
3.8236018055427454,3.7171944035918245,3.6576455267063492
3.8242606812199917,3.7193928781764902,3.686916240015873
3.81891557628878,3.7226351560091984,3.6862331891031745
3.8215159048213128,3.718069997386363,3.6856656245639092
3.804493750674795,3.7178037916255406,3.6815597241945306
3.811785753279273,3.701075268506494,3.677929051181917
3.7873274414032667,3.7038402713378433,3.6798733386552285
3.775361115600325,3.703868599511845,3.696248291254629
3.7810244655026457,3.70750125996591,3.7032384761685733
3.7934843871955826,3.708086096394841,3.7012455549621466
3.8044606933568286,3.7095910266977277,3.704683322654902
3.7999878103139917,3.715937670708334,3.7026217228361995
3.7951851688644687,3.7191027362499995,3.720937979916667
3.789755510944241,3.710298639098112,3.7186208790916657
3.77804841031746,3.706956454384662,3.73315555942619
3.779346248101343,3.7172349196486367,3.7340929292166662
3.7766256211721614,3.7130803298293658,3.7327853435476186
3.7971573009225343,3.710921990068001,3.7350403822142857
3.7860996041412296,3.712490696640873,3.7335567349420287
3.7862231217592597,3.7297484511765933,3.7328643444581937
3.7880333302943967,3.733061391234568,3.9207896331379177
3.7926172576923083,3.7324019156878308,3.9215738284003296
3.801663562516959,3.7134135067246348,3.9237033594211437
3.8398205005551747,3.7114483004217242,3.923134493405318
3.848130601104624,3.7080912514550266,3.9203249498809942
3.847375115041667,3.70950862734127,3.941719022962382
3.8503110947261905,3.7168487797089944,3.934465448377453
3.8695906436011906,3.701439887195767,3.9146933702563396
3.83019761701087,3.7225096501587296,3.9303308245229056
3.831475699918478,3.719441328840049,3.934983851948052
3.860935037472826,3.719152140341881,3.9153681666982325
3.851961418804348,3.712827840242165,3.911497714126131
3.686432506893116,3.7170206012820524,3.9136648751923078
3.6074231425090577,3.7339804024216523,3.915161589807692
3.8784601068840585,3.7508242409306742,3.9147314297756415
3.871941382798913,3.7497360098148156,3.9110099275
3.870587757155797,3.7486678700617286,3.9095192560416665
3.8816154412137682,3.7455172737934905,3.9095451112560387
3.8815940958333335,3.746090462987013,3.9113275352219206
3.8346645075657895,3.7457485308465603,3.9112165972327895
3.8373260756578946,3.7456333479365074,3.9120665351863355
3.832983889144737,3.742174125873016,3.907609227873377
3.8323522628289473,3.7435233753968262,3.908795821190476
3.837182870394736,3.750912005277778,3.9215787727335165
3.726509705555556,3.724052190652557,3.9262680190796706
3.7269882190476196,3.707457670396826,3.91743098036859
3.73055003968254,3.708394777380952,3.917860414166667
3.7281849952380957,3.7014055700000004,3.920897453344298
3.725907007936508,3.707919877857142,3.921022890972223
3.7169046595238098,3.7031952276984126,3.9190982346354164
3.6729497518518515,3.7114045285714283,3.9267621116666667
3.6586927481481486,3.7178860611111113,3.931433410037879
3.666250290740741,3.7140091626984124,3.9279172885119045
3.664717658333334,3.710023464814815,3.9761471832653057
3.665996964814815,3.7196939404761906,3.9694863628117916
3.6639155157407415,3.7244170350264545,4.024779133190884
3.6588637617647053,3.7223703177777785,4.02694743945869
3.3140032426470594,3.7221238967724863,4.0297842893874645
3.316024357352941,3.72296562978836,4.029421817948718
3.316626428125,3.548054584285714,4.033683052193733
3.3156114390624998,3.550055264910714,4.039565001442307
3.3174050203125005,3.5521666714285716,4.016770808333333
3.315144184375,3.5484681173214287,4.012475876388889
3.309316740625,3.6582287935374147,4.005855730555555
3.3116572984375,3.659927215986395,4.005617731388889
3.310217953125,3.625387984013605,4.0156812041666665
3.3158151390625,3.6279124293197276,4.021308779166666
3.3141267390625,4.118646803571429,4.016001606439395
3.3115738200000004,4.124944539285714,4.01147606
3.3075677066666667,4.151284126388889,4.014144866666666
3.3080583383333337,4.150897391666668,4.0109877225
3.2997664653846153,4.153704363888889,3.9114006780000006
3.301137427884615,4.154627422222222,3.91883593
3.282285196153846,4.165124,3.9287886988888885
3.2829147298076924,4.155709094444444,3.9246468025
3.2777627604166666,4.148876252777778,3.9265652499999995
3.2734835333333336,4.148144375,3.92206497
3.275329260416666,4.151984961111111,3.936428022857142
3.2769301875,4.149050619444444,3.9380374366666664
3.2784262062500007,4.148173194444444,3.936933436666667
3.27999658125,4.154033747222222,3.9381790833333334
3.2769360522727267,4.154956705555556,3.9474775900000005
3.280622618181818,4.382601583333333,3.9351137199999995
3.2813446465909095,4.373645883333333,3.9383164400000004
3.278557228409091,4.3624646,3.936516646666667
3.2726830375000002,4.35549107,3.9373324366666664
3.2762784795454545,4.114554099999999,3.9565673375000006
3.2760081704545456,4.12156445,4.004989827777778
3.274189967045455,4.009880016666667,3.9510259
3.275451975,4.006983,3.9604275222222225
3.278304895,3.996813683333334,3.932272793333333
3.27897149,4.0029574666666665,3.944782266666666
3.28921429,3.994961116666667,3.94637328
3.2803312175,4.008567516666667,3.9487724066666665
3.2744336525,4.01262205,3.9396516599999996
3.2857245624999996,4.009139133333334,3.93040579
2.9901539599999993,4.014162416666667,3.9260732000000003
2.9890467899999997,3.996043033333333,3.94393818
2.9807984,4.0020869333333335,3.9351227499999997
2.9830946333333337,4.013799366666667,3.93518648
3.00384731,4.0111049,3.9346932600000004
2.61417958,4.000383866666667,3.94075065
3.0096203533333337,3.9999541499999993,3.9366521800000003
3.0215445833333328,4.004065000000001,3.9425422599999997
3.0077894766666664,3.9970262000000005,3.9372492
2.996451141666667,4.0042695,3.94302838
2.9984583375000002,4.021026466666666,3.9428297199999998
3.0046753125,4.0320639,3.94120684
3.0037570666666666,4.0078876,3.94696057
3.059785025,4.0211730333333335,3.8591428875
3.0504108214285712,4.0174463,3.883727416666667
3.054726454761905,3.9262857,3.8941053
3.0629794166666664,3.93419855,3.881931983333333
3.0603968190476194,3.94394035,3.8899486333333337
3.0644660952380947,3.9204196,3.8953612
3.066416361111111,3.9275744999999995,3.8958258333333333
3.078004333333334,3.94188515,3.90062535
3.0532665277777777,3.9226929,3.8931190000000004
3.087809411111111,3.91192075,3.8967686666666665
3.072153866666667,3.93227425,3.90486105
3.076906936666667,3.9460626999999997,3.905121216666667
3.0722796933333334,3.92727395,3.8981243500000002
3.0778212899999997,3.94932,3.9102633833333336
3.089426173333333,3.9492534999999998,3.899906866666667
3.085057453333333,3.94118265,3.9135837166666665
3.0744175916666663,4.1529827,3.9129569
3.0437166277777776,4.1541204,3.918262866666667
3.039350994444444,4.163525,3.910663333333334
3.047471688888889,4.136498,3.9094224833333335
3.042607388888889,4.126745,3.91349915
3.0522687888888886,4.1340103,3.9184071666666664
3.0365513722222226,4.1371555,3.9260425000000003
3.064261627777778,4.092021,3.913573583333333
3.070657672222222,4.115684,3.919785
3.0811692833333333,4.129786,3.9164209
3.073665455555556,4.1287723,2.190465966666667
3.0842474499999994,4.1274204,2.184789433333333
3.0811209777777777,4.1337366,2.1893616666666667
3.096464022222223,4.130746,2.1953819666666665
3.0946942833333337,4.134945,2.194028466666667
3.1014833,4.1381125,2.203954133333333
3.1175621111111114,4.1196685,2.1917013
3.1010670444444446,4.123782,2.2006821
3.11178735,4.1254897,2.2020619333333333
3.1150278,4.135709,2.2065697
3.1167551000000002,4.127514,2.2023910333333334
3.1185604500000004,4.123724,2.219818
3.1210746722222225,4.1415577,2.209395933333333
3.130213194444444,4.122141,2.2153926
3.1418603388888893,4.1202836,2.2140814666666664
3.139247316666667,4.10347,2.2124343
3.142784077777778,4.125321,2.2093557333333336
3.1439523166666667,4.1276717,2.2148689666666668
3.143659238888889,4.125914,2.2046569000000003
3.1685804500000003,4.114574,2.2161264666666667
3.1599364666666667,4.1122313,2.230544333333333
3.1688384333333333,4.164486,2.2155405666666668
3.1745696111111106,4.13076,2.213321633333333
3.1711390722222226,4.160555,2.221609233333333
3.1456048333333335,4.17544,2.2173394666666666
3.1545312666666665,4.185103,2.2137629333333333
3.1664815833333333,4.1468997,2.2171211333333334
3.163637233333333,4.1573176,2.210251533333333
3.1765633333333327,4.1609597,2.216267966666667
3.1796861333333335,4.202816,2.2218311666666666
3.170630416666667,4.18822,2.2168590666666668
3.182272916666667,4.1979833,2.223837
3.186307916666667,4.1794744,2.2207557
3.187234016666667,4.13376,2.2224618
3.1839077000000002,4.169359,2.221751333333333
3.194639,4.1996164,2.2232106333333337
3.1947639666666667,4.200556,2.2202586666666666
3.201886533333333,4.204453,2.228252633333333
3.204726583333333,4.20794,2.222744833333333
3.190726,4.1661158,2.2287581000000003
3.197604283333334,4.210278,2.223560833333333
3.2064428666666664,4.2020264,2.2228989
3.1975738833333334,4.206478,2.219334233333333
3.2003217833333335,4.208862,2.24295185
3.1991203833333333,4.186207,2.23849205
3.2029591500000003,4.217965,2.2416717
3.203446066666667,4.229898,2.2472351
3.1756399,4.22527,2.24930465
3.119186416666667,4.2150044,2.23956555
3.190920866666667,4.2136197,2.2542738
3.1922203333333337,4.2329783,2.2434494000000003
3.1912619833333333,4.254148,2.2436715
3.2030914833333335,4.212457,2.2574716500000003
3.2015230000000003,4.256087,2.25742855
3.212499916666667,,2.24493885
3.206266533333333,,2.25044645
3.2095514166666668,,2.2455887
3.2083953666666667,,2.26071405
3.2042427,,2.2631147
3.2103390333333337,,2.256752
3.1926536333333337,,2.260745
3.194089133333333,,2.2684758
3.1973751500000005,,2.2553774
3.204134666666667,,2.2761788
3.2055054666666667,,2.27185225
3.2020823166666665,,2.2628748
3.2032930333333334,,2.2679565
3.2084064,,2.27632895
3.214343433333333,,2.2774539000000003
3.2071750666666667,,2.27309145
3.21320585,,2.2727122
3.2029694833333338,,2.2671475
3.20139275,,2.26670755
3.199216116666667,,2.27063215
3.20070395,,2.2716809500000004
3.201855166666667,,2.2723808
3.1978431,,2.2805525
3.1925405,,2.276885
3.2035167333333336,,2.2724865000000003
3.1483758499999994,,2.27330875
3.1503022,,2.2778027
3.1415029333333337,,2.2705585
3.1393922333333335,,2.2734668
3.1420242666666667,,2.2730834
3.1337546999999994,,2.2670009
3.1276476333333334,,2.2822250000000004
3.1216299,,2.2750316
3.1287150333333336,,2.27181355
3.1195353000000003,,2.2688219
3.1194944999999996,,2.2714027000000003
3.11739965,,2.27681765
3.1127374333333333,,2.2844323
3.1076824999999997,,2.2753961
3.1099226166666667,,2.2710928
3.1103589666666664,,2.27995155
3.1043115166666673,,2.2749053
3.0997572499999997,,2.0497608
3.1043470166666665,,2.0420544
3.0991972666666663,,2.0546744
3.100449966666666,,2.0527682
3.090930683333333,,2.0417116
3.0862539833333336,,2.053918
3.0916341666666667,,2.0676174
3.0911192,,2.067501
3.0894344833333336,,2.0599933
3.0808958166666667,,2.0564878
3.08197685,,2.0381966
3.081735233333333,,2.074216
3.0813894000000004,,2.0636902
3.072259116666667,,2.0662467
3.0810137666666666,,2.0632944
3.0765164666666664,,2.0628245
3.0761147666666666,,2.06104
3.074108266666667,,2.0788689
3.0795823500000004,,2.0520885
3.0723453666666667,,2.059806
3.0731982833333333,,2.0644233
3.0649567166666665,,2.048067
3.0760397666666663,,2.0697103
3.0720542,,2.0620806
3.0652031833333333,,2.0631013
3.0661411,,2.0556061
3.059851066666667,,2.0721872
3.075386,,2.0612414
3.059345616666667,,2.0705957
3.057322016666667,,2.071226
3.0594326666666665,,2.0718422
3.0608557,,2.05705
3.0625704166666665,,2.07188
3.0501099333333332,,2.0564554
3.6440253499999997,,2.0689843
3.6405485750000004,,2.0528262
3.643299075,,2.0488613
3.6557529,,2.0489485
3.6417954249999998,,2.0592077
3.645174275,,2.0464554
3.6557231000000003,,2.0538526
3.6517977,,2.0434098
3.64854655,,2.0463548
3.649905,,2.0586061
3.653044325,,2.0194802
3.639139225,,2.0358968
3.66453425,,2.0498087
3.653217125,,2.051452
3.4341842500000004,,2.0071096
3.4263147,,2.0258443
3.4329826,,2.025394
3.4574023499999997,,2.0351264
3.4473846,,2.027249
3.44335555,,2.0207617
3.4639023499999997,,1.9891454
3.4545375,,2.0124352
3.4754864999999997,,1.9892571
3.4716925,,1.9859949
3.48877945,,1.9762824
3.4888181,,1.9783337
3.4889159999999997,,1.9803715
3.4928689000000004,,1.9796649
3.5711477,,1.9808555
3.5674405,,1.9787587
3.5932786,,1.9792362
3.5909743,,1.976521
3.581214,,1.9820876
3.5964403,,1.9844534
3.5908816,,1.9780121
3.6059167,,1.975705
3.6142824,,1.9697995
3.6182292,,1.9709773
3.6284046,,1.985401
3.6641436,,1.993831
3.6653552,,1.98082
3.6864638,,1.9827
3.701744,,1.9649956
3.7107837,,1.9729365
3.7095037,,1.971892
3.7301607,,1.9684511
3.7665434,,1.9535164
3.7399912,,1.9797497
3.787439,,1.950402
3.7635472,,1.9729103
3.8047218,,1.9580513
3.8092775,,1.9574851
3.7897573,,1.9674377
3.8048794,,1.9618531
3.8596427,,1.9620142
3.8344445,,1.9593797
3.7928684,,1.9589981
3.7925968,,1.9542735
3.8699322,,1.9626273
3.8782809,,1.9613765
3.8551543,,1.9622556
3.8630958,,1.9530269
3.8804588,,1.9389908
3.8848724,,1.9520811
3.9036558,,1.9606794
3.8904698,,1.9370141
3.8802853,,1.9586669
3.8911037,,1.940403
3.893261,,1.9556434
3.9123213,,1.93234
3.9329777,,1.9382001
3.9577284,,1.9580775
3.9400198,,1.9419051
3.9556935,,1.936804
3.9626884,,1.9356542
3.9503052,,1.9406415
3.9556286,,1.920267
3.9408762,,1.9132692
3.9588804,,1.9131392
3.9689293,,1.9032882
3.9749792,,1.9202758
3.9778419,,1.9067731
3.9968078,,1.9172906
3.987843,,1.8948492
3.971984,,1.9156755
3.9793382,,1.9113162
3.9988058,,
3.9733253,,
3.9809046,,
3.9972022,,
4.005245,,
4.014925,,
4.036614,,
4.030789,,
3.993924,,
4.0502257,,
4.039278,,
4.045278,,
4.060483,,
4.055337,,
4.069068,,
4.0767856,,
4.0754414,,
4.0875087,,
4.069084,,
4.084339,,
4.0881886,,
4.105769,,
4.1074796,,
4.1135116,,
4.105501,,
4.111144,,
4.093842,,
4.127396,,
4.1237836,,
4.117356,,
4.112921,,
4.128631,,
4.13382,,
4.136837,,
4.144496,,
4.1710835,,
4.1627774,,
4.20004,,
4.1599956,,
4.1852307,,
4.1574664,,
4.1918473,,
4.209737,,
4.191146,,
4.255683,,
4.2460785,,
4.2510123,,
4.261683,,
4.2619777,,
4.2683043,,
4.2319784,,
4.2779727,,
4.265957,,
4.2453437,,
4.250273,,
4.2707205,,
4.2690263,,
4.2686987,,
4.264088,,
4.287553,,
4.2958546,,
4.2972894,,
4.3032207,,
4.3067117,,
4.3193707,,
4.340207,,
4.359508,,
4.3577228,,
4.3640523,,
4.359159,,
4.3419604,,
4.373639,,
4.3542604,,
4.3532944,,
4.3479342,,
4.366863,,
4.38254,,
4.374139,,
4.3761287,,
4.3815804,,
4.3623967,,
4.3673086,,
4.3717847,,
4.385523,,
4.359837,,
4.3868127,,
4.366351,,
4.391509,,
4.393765,,
4.387159,,
4.4069347,,
4.4180756,,
4.417168,,
4.397831,,
4.3827515,,
4.4099684,,
4.396595,,
4.367963,,
4.399573,,
4.408623,,
4.3840303,,
4.3907022,,
4.397105,,
4.385455,,
4.375829,,
4.4035435,,
4.408246,,
4.4167094,,
4.409215,,
4.3989325,,
4.4238896,,
4.4072065,,
4.4057198,,
4.4106884,,
4.3951764,,
4.4174814,,
4.437472,,
4.4262495,,
4.4111705,,
4.4476676,,
4.4098773,,
4.4178443,,
4.4301753,,
4.4081745,,
4.423806,,
4.4034467,,
4.385763,,
4.422319,,
4.4221077,,
,,
,,
,,
,,
,,
,,
,,
,,
,,
,,
,,
,,
,,
,,
,,
,,
,,
,,
,,
,,
,,
,,
,,
,,
,,
,,
,,
,,
,,
,,
,,
,,
,,
,,
,,
,,
,,
,,
,,
,,
,,
,,
,,
,,
,,
,,
,,
,,
,,
,,
,,
,,
,,
,,
,,
,,
,,
,,
,,
,,
,,
,,
,,
,,
,,
,,
,,
,,
,,
,,
,,
,,
,,
,,
,,
,,
,,
,,
