t87,t88,t89,t90,t91,t92,t93,t94,t95,t96,t97,t98,t99,t100,t101,t102,t103,t104,t105,t106,t107,t108,t109,t110,t111,t112,t113,t114,t115,t116,t117,t118,t119,t120,t121,t122,t123,t124,t125,t126,t127,t128,t129,t130,t131,t132,t133,t134,t135,t136,t137,t138,t139,t140,t141,t142,t143,t144,t145,t146,t147,t148,t149,t150,t151,t152,t153,t154,t155,t156,t157,t158,t159,t160,t161,t162,t163,t164,t165,t166,t167,t168,t169,t170,t171,t172,t173,t174,t175,t176,t177,t178,t179,t180,t181,t182,t183,t184,t185,t186,t187,t188,t189,t190,t191,t192,t193,t194,t195,t196,t197,t198,t199,t200,t201,t202,t203,t204,t205,t206,t207,t208,t209,t210,t211,t212,t213,t214,t215,t216,t217,t218,t219,t220,t221,t222,t223,t224,t225,t226,t227,t228,t229,t230,t231,t232,t233,t234,t235,t236,t237,t238,t239,t240,t241,t242,t243,t244,t245,t246,t247,t248,t249,t250,t251,t252,t253,t254,t255,t256,t257,t258,t259,t260,t261,t262,t263,t264,t265,t266,t267,t268,t269,t270,t271,t272,t273,t274,t275,t276,t277,t278,t279,t280,t281,t282,t283,t284,t285,t286,t287,t288,t289,t290,t291,t292,t293,t294,t295,t296,t297,t298,t299,t300,t301,t302,t303,t304,t305,t306,t307,t308,t309,t310,t311,t312,t313,t314,t315,t316,t317,t318,t319,t320,t321,t322,t323,t324,t325,t326,t327,t328,t329,t330,t331,t332,t333,t334,t335,t336,t337,t338,t339,t340,t341,t342,t343,t344,t345,t346,t347,t348,t349,t350,t351,t352,t353,t354,t355,t356,t357,t358,t359,t360,t361,t362,t363,t364,t365,t366,t367,t368,t369,t370,t371,t372,t373,t374,t375,t376,t377,t378,t379,t380,t381,t382,t383,t384,t385,t386,t387,t388,t389,t390,t391,t392,t393,t394,t395,t396,t397,t398,t399,t400,t401,t402,t403,t404,t405,t406,t407,t408,t409,t410,t411,t412,t413,t414,t415,t416,t417,t418,t419,t420,t421,t422,t423,t424,t425,t426,t427,t428,t429,t430,t431,t432,t433,t434,t435,t436,t437,t438,t439,t440,t441,t442,t443,t444,t445,t446,t447,t448,t449,t450,t451,t452,t453,t454,t455,t456,t457,t458,t459,t460,t461,t462,t463,t464,t465,t466,t467,t468,t469,t470,t471,t472,t473,t474,t475,t476,t477,t478,t479,t480,t481,t482,t483,t484,t485,t486,t487,t488,t489,t490,t491,t492,t493,t494,t495,t496,t497,t498,t499,t500,t501,t502,t503,t504,t505,t506,t507,t508,t509,t510,t511,t512,t513,t514,t515,t516,t517
3.6130931,3.6271496,3.6254354,3.593121,3.6196604,3.6056814,3.6144714,3.6142566,3.588144,3.6274502,3.582943,3.612047,3.6262672,3.606003,3.604014,3.6228452,3.6100037,3.63602,3.6106398,3.6109188,3.6411033,3.6431146,3.6376088,3.6578395,3.621482,3.672549,3.67167,3.6934144,3.6997423,3.7170131,3.7111635,3.7014387,3.7342162,3.73453,3.7488365,3.7379203,3.7721243,3.7552536,3.7589874,3.765942,3.7717438,3.7549176,3.7661266,3.7716002,3.7357883,3.7468162,3.715634,3.7034178,3.6282756,3.59104,3.5389423,3.5205364,3.4944186,3.4589682,3.422666,3.423041,3.3223581,3.3109794,3.271772,3.2303927,3.2148569,3.1761873,3.125237,3.110503,3.0992463,3.0548632,3.053946,3.034203,3.0001779,2.9718535,2.9374273,2.9089894,2.8883545,2.8453915,2.863831,2.8443975,2.821627,2.8039496,2.7973042,2.7917905,2.7971318,2.781642,2.808871,2.7718954,2.758248,2.7736802,2.7550876,2.7356203,2.7855458,2.7615657,2.7545257,2.74777,2.7377193,2.7527757,2.7306857,2.711551,2.661709,2.7250104,2.7324061,2.7179983,2.7367735,2.7298112,2.6835213,2.7419016,2.7676656,2.7682824,2.7265656,2.7670903,2.740284,2.7284422,2.7488081,2.7644289,2.7653716,2.7594464,2.7712054,2.7777746,2.771312,2.7727895,2.8103685,2.7835267,2.8021333,2.8218305,2.889941,2.8661144,2.89589,2.9218428,2.9145489,2.9381323,2.9264953,2.9654534,2.973555,2.966923,3.007113,3.0137837,3.0506272,3.0288866,3.0457835,3.0500484,3.0513153,3.0549726,3.0897553,3.1321263,3.0866704,3.1256027,3.1449203,3.1455307,3.172003,3.1528869,3.1994355,3.2268822,3.2561133,3.2304811,3.2411067,3.3078234,3.317451,3.2944925,3.3063517,3.3581355,3.322589,3.3747575,3.4126391,3.389619,3.3750641,3.4254923,3.4509988,3.4193587,3.4573429,3.4538255,3.459576,3.4724436,3.4669628,3.4808865,3.4684296,3.4848065,3.484864,3.4920082,3.4883165,3.477181,3.4692929,3.511056,3.4903088,3.4938369,3.473985,3.48561,3.4718263,3.4926765,3.4771245,3.474082,3.4718206,3.4750054,3.473632,3.4827113,3.4748693,3.4635847,3.466406,3.4755714,3.467473,3.4738457,3.442196,3.4671543,3.4597764,3.4640052,3.460347,3.475179,3.4632387,3.4671483,3.4622278,3.403663,3.4876165,3.4197552,3.5326853,3.5015173,3.4857416,3.471732,3.6965425,3.517781,3.5511768,3.580101,3.5718439,3.545778,3.5552278,3.5803742,3.6136565,3.5988178,3.605993,3.6225188,3.608973,3.6171327,3.6423259,3.6392274,3.6573317,3.6252038,3.6510198,3.6493256,3.6520112,3.667205,3.6975188,3.7116582,3.749609,3.717468,3.7303224,3.7097092,3.7038207,3.7325082,3.7845345,3.7318065,3.7606754,3.7659597,3.7838113,3.7159266,3.708914,3.803205,3.8348022,3.854432,3.8026314,3.9117522,3.8359237,3.937333,3.8731525,3.785552,3.8066366,3.8040037,3.8247342,3.8158858,3.8635442,3.8446753,3.8231792,3.861325,3.8534145,3.8670838,3.8737116,3.8574905,3.8483183,3.8678424,3.8643456,3.8718493,3.877555,3.8502073,3.8986762,3.8867912,3.9255598,3.9022021,3.8742924,3.8852172,3.8910303,3.902086,3.9054646,3.897196,3.9042299,3.9031577,3.8946168,3.8816733,3.9089186,3.8931446,3.8972836,3.89597,3.9174387,3.8931618,3.8828444,3.8974237,3.8821757,3.9002016,3.8856597,3.9001656,3.915754,3.913395,3.894001,3.9075456,3.9269314,3.9108737,3.9017165,3.914623,3.8909435,3.891546,3.9132528,3.9046721,3.889801,3.9010968,3.901574,3.92244,3.9137194,3.893967,3.9116051,3.913696,3.912252,3.9105875,3.9145625,3.9188042,3.9032145,3.8940358,3.9520178,3.9068897,3.9010844,3.9447918,3.9037035,3.9072604,3.9174557,3.904189,3.9042027,3.9294183,3.9133942,3.9167042,3.9167433,3.9276767,3.9525826,3.9385417,3.9285612,3.9380949,3.946578,3.9235096,3.9523609,3.9158156,3.9153235,3.9455788,3.9484055,3.9461002,3.936124,3.9521353,3.9498048,3.9188309,3.9316864,3.9362009,3.953927,3.974843,3.9795558,3.9666293,3.9567266,3.9672334,3.9642098,3.954275,3.9651017,3.9631174,3.9621372,3.9625726,3.984555,3.966055,3.968038,3.9971225,3.9755113,3.9747126,3.9555135,3.9662871,3.9788916,3.9354625,3.9633207,3.9384525,3.9662318,3.9469695,3.9579787,3.9455113,3.9177182,3.9488764,3.9360814,3.8986552,3.901145,3.909293,3.9004173,3.9167528,3.9085677,3.8934834,3.9151008,3.8997128,3.9110267,3.9001276,,,,,,,,,,,,,,,,,,,,,,,,,,,
3.8033876,3.882456,3.8082056,3.827932,3.822175,3.8157306,3.8058379,3.8343112,3.7989218,3.8069618,3.7973645,3.8291483,3.8121524,3.7813592,3.8121057,3.7934632,3.8175793,3.7718678,3.8355315,3.790951,3.7907424,3.8145947,3.8246303,3.826502,3.823815,3.793268,3.820454,3.8121302,3.8134556,3.817729,3.8191586,3.8419325,3.8340013,3.8173587,3.836894,3.8681076,3.8438847,3.8358371,3.8387847,3.8220522,3.8563056,3.8493018,3.846211,3.8731337,3.8670502,3.854936,3.8423834,3.8581984,3.827145,3.8034978,3.7927797,3.7699423,3.7210517,3.6918004,3.6390753,3.5908668,3.5495992,3.4653964,3.4626582,3.4565063,3.3978002,3.3654232,3.2951705,3.2776992,3.243793,3.200776,3.1996386,3.1504724,3.0973,3.0680819,3.0649657,3.045859,3.0271094,2.9832199,2.9614632,2.9544058,2.914681,2.8999298,2.8985205,2.8182871,2.8481007,2.8521674,2.825072,2.835945,2.7869995,2.783703,2.7953699,2.7975812,2.7502172,2.7813857,2.7619476,2.745472,2.743354,2.7342012,2.7323258,2.7411633,2.750448,2.7464945,2.7193959,2.726081,2.68719,2.696125,2.7140827,2.7054982,2.7113972,2.6947608,2.7711241,2.7100391,2.730717,2.7334366,2.7383041,2.7244987,2.7108655,2.74353,2.7504919,2.755887,2.7235928,2.7656074,2.7659943,2.7639766,2.7775085,2.7662337,2.7834792,2.8215976,2.7970223,2.8039744,2.8189101,2.8573594,2.8679132,2.903743,2.8295722,2.9192648,2.8944135,2.906514,2.8954644,2.9344451,2.9612126,2.9630768,2.9909434,3.0100653,3.0387642,3.0337358,3.0355084,3.0670824,3.08147,3.0912743,3.0916271,3.090236,3.1204379,3.115557,3.1115196,3.1657617,3.174717,3.2209725,3.18896,3.2272785,3.224311,3.2450383,3.2417746,3.2620199,3.293444,3.2629433,3.2972832,3.2992668,3.3321695,3.363045,3.350484,3.3540413,3.3892574,3.3726134,3.3674953,3.4194314,3.3959365,3.3921874,3.3929038,3.4087152,3.416635,3.406422,3.3834443,3.4167962,3.415379,3.4077952,3.393472,3.4036014,3.3889103,3.4031403,3.3999817,3.425598,3.4288683,3.405933,3.4034407,3.4094985,3.3942063,3.4098432,3.397744,3.4197166,3.4118354,3.401723,3.397855,3.4255846,3.4316082,3.4190574,3.4424357,3.464005,3.480765,3.416597,3.4373605,3.4496589,3.4769957,3.4511082,3.449991,3.4492908,3.4603252,3.4510415,3.580821,3.5832767,3.7118142,3.6881247,3.6972957,3.7329025,3.6640062,3.6791818,3.6670487,3.6878066,3.7125084,3.6992717,3.7097645,3.7317147,3.7724464,3.7580576,3.7711854,3.7599897,3.7505279,3.7361727,3.7654011,3.7613792,3.765493,3.7939615,3.8071504,3.7853606,3.7862089,3.7997932,3.8061342,3.8040073,3.8301623,3.8342943,3.8702662,3.8381782,3.8577886,3.842274,3.8585532,3.8673203,3.861236,3.8580782,3.8613868,3.9103742,3.8585842,3.8835084,3.8850436,3.9284883,3.886538,3.9177473,3.8916812,3.9416177,3.9177625,3.9103854,3.944935,3.9182484,3.9219623,3.9472787,3.9605494,3.9174266,3.9376142,3.9542854,3.950422,3.9575496,3.9508998,3.9572957,3.966488,3.9957037,3.965841,3.9919949,3.932317,3.9560986,3.990084,3.9441123,3.9673378,3.990732,3.9649432,3.9782677,3.986441,3.9919474,3.995723,4.006168,4.0116367,3.9925609,4.0000877,3.9868581,3.9704368,3.996188,3.9871976,4.0108976,4.021822,3.999047,3.9799306,4.000484,3.9708693,4.019319,3.9819846,3.991796,4.0011067,3.985996,3.9991307,4.0163245,4.0354376,3.9732215,4.0224867,4.005686,3.98872,4.010498,4.003193,4.011639,4.021488,4.017146,4.009585,3.9948642,4.0001626,4.0380516,3.9784322,3.9927893,3.9802382,4.009347,4.0003076,4.0264606,3.986941,3.9896224,3.9933703,3.9985003,3.9549942,4.014357,3.975528,3.9724288,3.9943614,4.0342174,4.043611,4.037044,4.0332623,4.057368,4.0506735,3.9924796,4.0094953,4.015851,4.0670934,4.0308843,3.9930198,4.02621,4.0248375,4.026743,4.0305758,4.081593,4.048792,4.023511,4.0646267,4.0233474,4.0321846,4.0398045,4.0346437,4.0600014,4.04141,4.0454607,4.052347,4.043028,4.0452466,4.049823,4.082129,4.0199065,4.036836,4.049494,4.052625,4.064719,4.034548,4.0710993,4.05457,4.047897,4.095285,4.05513,4.065147,4.0819507,4.039844,4.113158,4.082221,4.091259,4.071375,4.0635595,4.0739703,4.087435,4.1036434,4.1049595,4.113138,4.091159,4.142041,4.10376,4.1089616,4.121433,4.105757,4.1168876,4.1038218,4.0757627,,,,,,,,,,,,,,,,,,,,,,,
3.5864353,3.5912268,3.6069696,3.5967944,3.5711737,3.573987,3.5597787,3.6207273,3.582813,3.572724,3.572476,3.61098,3.6068714,3.6016722,3.579901,3.5840077,3.5905411,3.6417015,3.6165464,3.6495855,3.6244953,3.659304,3.6735346,3.649902,3.644356,3.6694217,3.6709535,3.6554904,3.671076,3.7084064,3.6932878,3.688418,3.7172613,3.7133026,3.745669,3.735351,3.7376196,3.7568712,3.7537599,3.7454967,3.7402887,3.7410007,3.7565274,3.7319398,3.7291853,3.738722,3.747343,3.748892,3.723634,3.7084858,3.7118917,3.6631896,3.5815115,3.5766947,3.5603898,3.5325577,3.517303,3.4913692,3.3969386,3.3965888,3.3299472,3.306816,3.26999,3.2432575,3.2306316,3.1996515,3.1511462,3.14965,3.1269846,3.1021144,3.06396,3.0471535,3.028172,3.0056589,3.002183,2.935516,2.9482226,2.9263594,2.900063,2.869924,2.8863015,2.876103,2.868472,2.8215253,2.868875,2.8678672,2.8579159,2.818694,2.8384538,2.792311,2.8206952,2.8092904,2.79122,2.8140104,2.7718658,2.7603965,2.7925203,2.793195,2.8053026,2.7864516,2.798222,2.8146384,2.7982156,2.8193467,2.7816467,2.8221514,2.8310347,2.8223608,2.8272498,2.8202088,2.8034506,2.821924,2.8369517,2.8366776,2.8234506,2.835897,2.8717904,2.842919,2.875489,2.8639321,2.8885767,2.9116194,2.9097955,2.9049385,2.9403098,2.9577625,3.0002728,2.9749753,2.9909558,3.0147922,3.0307746,3.0384498,3.0276632,3.0583682,3.099061,3.0701764,3.072334,3.0987751,3.1234422,3.1503785,3.1314394,3.141986,3.1593478,3.174205,3.1962461,3.1999567,3.216859,3.2169657,3.258035,3.2508345,3.2614706,3.2961924,3.2757006,3.294766,3.34825,3.3330152,3.3490674,3.3708344,3.379284,3.3785658,3.380339,3.420747,3.4292865,3.4349241,3.4486375,3.4851317,3.48606,3.496843,3.50151,3.507262,3.5122707,3.5159283,3.4945607,3.515958,3.5061345,3.5009103,3.494268,3.5151765,3.4985425,3.5103343,3.5167599,3.5053518,3.49065,3.5057595,3.4940422,3.5100017,3.4783943,3.4804463,3.487901,3.4772446,3.449081,3.4503484,3.464855,3.4602895,3.4186914,3.3949673,3.4337404,3.4793756,3.5636091,3.525585,3.5360603,3.4802992,3.4641635,3.4943807,3.4634106,3.59546,3.6262264,3.5861108,3.5990896,3.684113,3.4868937,3.506481,3.5325003,3.5214813,3.5320034,3.5256214,3.5708978,3.5931232,3.5940256,3.5993307,3.591317,3.659943,3.8807151,3.6696897,3.6679401,3.6481905,3.6470225,3.7034311,3.7074287,3.7246985,3.716007,3.70613,3.7172499,3.7599778,3.7590904,3.7486,3.744363,3.7376134,3.7552989,3.7716713,3.800411,3.7636602,3.7939992,3.7761211,3.822312,3.8269603,3.8128474,3.805247,3.8275068,3.801824,3.8226056,3.7995014,3.8088105,3.7987587,3.8229654,3.821191,3.8130097,3.8701875,3.8532898,3.8114316,3.8283226,3.8456802,3.815119,3.8475382,3.82954,3.8281157,3.8441236,3.8451583,3.842691,3.8451636,3.862734,3.8596418,3.8591099,3.860002,3.8689492,3.8754456,3.8848305,3.887671,3.8768606,3.8769126,3.8720086,3.8519092,3.8945992,3.9004886,3.8844826,3.8617146,3.931935,3.90523,3.9098747,3.8954554,3.8953,3.897426,3.8979025,3.9123073,3.9110632,3.90939,3.928931,3.897968,3.8875585,3.8843641,3.9065692,3.8927073,3.8908293,3.9024599,3.9247954,3.8983223,3.8775618,3.903908,3.900214,3.9223542,3.8994281,3.8804255,3.8931348,3.9161983,3.9060738,3.9037662,3.9095726,3.906917,3.8921382,3.9092934,3.8971038,3.914964,3.9223073,3.9315953,3.9180593,3.9155428,3.9093099,3.9110155,3.8951476,3.9493015,3.9176943,3.91832,3.9615324,3.9611852,3.9359107,3.9722095,3.9332473,3.9237144,3.9395869,3.9357812,3.9505434,3.9455814,3.9404864,3.9327843,3.9455519,3.9714866,3.922117,3.9419,3.9912944,3.9829907,3.949493,3.97191,4.019029,3.9446733,3.9931483,3.9464133,3.9722176,3.9871025,3.9574614,3.9567327,3.9671006,4.024279,4.035242,3.979471,3.9971812,3.9668365,4.002526,3.9956486,3.9873035,3.9853988,3.993836,4.0031075,4.007592,3.997311,4.0149813,3.9979155,,,,,,,,,,,,,,,,,,,,,,,,,,,,,,,,,,,,,,,,,,,,,,,,,,,,,,,
3.5369198,3.4855583,3.5562494,3.4620824,3.459042,3.4810348,3.498434,3.463416,3.5027156,3.5329542,3.5046387,3.5140889,3.491491,3.5104842,3.4775572,3.5080922,3.4900918,3.4926035,3.5020208,3.5419521,3.5017838,3.54693,3.5207396,3.5361223,3.5419536,3.5261085,3.5476742,3.5634415,3.5674422,3.5690703,3.5649655,3.5763686,3.5745554,3.5835593,3.6189046,3.5792866,3.5970745,3.6012368,3.652715,3.595264,3.6374216,3.6785326,3.665981,3.6970084,3.6914737,3.7270412,3.7012515,3.6782863,3.672005,3.6258721,3.5945413,3.5587647,3.5608904,3.5457354,3.529079,3.520635,3.4661663,3.3770092,3.3938842,3.368766,3.3628116,3.272955,3.2606504,3.2213345,3.1915452,3.1631484,3.1308177,3.1075847,3.1076336,3.0816936,3.0653784,3.0751536,3.036602,3.0165575,3.040481,3.0073225,2.9240096,2.9690979,2.896855,2.9668357,2.8364468,2.854111,2.8423154,2.849296,2.8422132,2.833285,2.8275168,2.797047,2.8126686,2.830297,2.8206766,2.8084598,2.8109438,2.8256059,2.7784498,2.8180866,2.809769,2.8475914,2.8354695,2.8370514,2.8183763,2.8025599,2.8167434,2.8138802,2.7921484,2.8060663,2.8227978,2.8401272,2.8181677,2.8330266,2.8160846,2.815927,2.8110867,2.9009824,2.8636212,2.8501277,2.9198506,2.9265456,2.9206986,2.900751,2.93219,2.9411697,2.958794,2.9309995,3.0173159,3.0228477,3.025101,3.0120544,3.0147872,3.0606737,3.0506628,3.0859482,3.0846763,3.068548,3.1143596,3.142736,3.1342971,3.1601644,3.1425784,3.17812,3.194641,3.175746,3.2265487,3.2508612,3.2526405,3.280285,3.2767568,3.3109622,3.283462,3.3553052,3.3243484,3.3658972,3.3666837,3.3832054,3.3923633,3.3994532,3.421177,3.3966928,3.4369466,3.4410822,3.4634774,3.4389117,3.515834,3.5015602,3.489501,3.503466,3.5076284,3.5070345,3.524058,3.5207613,3.5349605,3.5520496,3.5497508,3.5361562,3.556131,3.5771382,3.6163344,3.614383,3.5589695,3.5643406,3.5984454,3.6251893,3.610405,3.6086807,3.590957,3.570549,3.5815105,3.5796766,3.5984123,3.5736396,3.5806386,3.5605054,3.5781662,3.5660145,3.5830503,3.5966027,3.5535374,3.5699236,3.5349388,3.5523772,3.561103,3.5746694,3.5652657,3.5612996,3.5525231,3.5570655,3.5641935,3.5885208,3.5537012,3.5857549,3.589966,3.5659175,3.5764928,3.6022804,3.5831642,3.5684633,3.5850644,3.6390822,3.605834,3.610219,3.6279902,3.659049,3.6442785,3.6850226,3.7122717,3.7162952,3.7274435,3.7226253,3.7291527,3.738285,3.7314434,3.7567115,3.7414894,3.7395008,3.7384403,3.773197,3.754977,3.7812319,3.7889845,3.800817,3.8007057,3.8191447,3.7987168,3.815995,3.8499572,3.7875214,3.8252363,3.8631341,3.8426461,3.890106,3.8673434,3.9183335,3.9381618,3.9145777,3.9265919,3.9142234,3.9316335,3.9233708,3.930686,3.9534347,3.9103181,3.951826,3.9568746,3.9519527,3.9752498,3.9837644,3.9842677,3.9617636,3.9756148,3.9976313,3.9963443,4.019053,4.0289683,3.9976814,4.034819,4.010363,4.0342684,4.046425,4.0262847,4.01542,4.029267,4.0371194,4.0518527,4.0522,4.0386257,4.037852,4.027493,4.0406303,4.0634885,4.0822325,4.060652,4.085566,4.0539947,4.074088,4.0664573,4.0674257,4.056251,4.0906034,4.0706954,4.0879006,4.084388,4.0654154,4.090833,4.0820904,4.078991,4.1117144,4.1020055,4.090708,4.096373,4.1111307,4.078847,4.0834684,4.090811,4.1148176,4.1105056,4.096713,4.097954,4.071343,4.089748,4.134327,4.141712,4.1113167,4.127176,4.1253057,4.1311793,4.152246,4.117703,4.1026974,4.128771,4.130829,4.149961,4.1783085,4.1393027,4.1478324,4.1519103,4.1406097,4.1358075,4.1277056,4.1188064,4.143923,4.162396,4.1265235,4.1721425,4.1462317,4.1353245,4.149272,4.163265,4.154049,4.147073,4.165038,4.150891,4.127378,4.1729436,4.161303,4.166633,4.161035,4.142112,4.148082,4.17006,4.146001,4.1724634,4.1376047,4.1608815,4.176515,4.1824627,4.1665277,4.1505537,4.1566453,4.1642833,4.171391,4.1598015,4.1393595,1.7726855,3.749917,3.9569426,4.1326036,4.205243,4.1782207,4.149164,4.1432242,4.1450877,4.1909184,4.2339997,4.276139,4.2591186,4.2642045,4.200544,4.174685,4.1587663,4.2127037,4.211888,4.223224,4.2449136,4.215074,4.190663,4.188895,4.1829886,4.1743045,4.2292075,4.243781,4.2462835,4.2312946,4.202029,4.2292337,4.265952,4.248154,,,,,,,,,,,,,,,,,,,,,,,,,
3.6082435,3.5494683,3.5694547,3.5397506,3.5631082,3.5495336,3.5575323,3.5543275,3.5777318,3.544838,3.547516,3.5512416,3.5445127,3.5396385,3.557517,3.5365965,3.562477,3.5272403,3.5608523,3.5223563,3.5315688,3.5436916,3.5562568,3.5182276,3.551102,3.5942955,3.5604012,3.5656478,3.574265,3.5665557,3.559738,3.5657675,3.5880058,3.598644,3.6182714,3.6185899,3.6352532,3.630232,3.628837,3.6273162,3.6739829,3.6506534,3.6530938,3.654902,3.7037466,3.6622887,3.6988766,3.630448,3.704944,3.620266,3.5745406,3.5855968,3.5601997,3.5164318,3.4724722,3.4731877,3.4086857,3.401079,3.3755267,3.3664532,3.2896123,3.2737327,3.2059464,3.1359675,3.1349423,3.1201558,3.0788863,3.087698,3.09271,3.046212,2.9926262,2.9861894,2.9376721,2.9375997,2.9048233,2.8893342,2.8484867,2.8365057,2.8161983,2.8109944,2.8041408,2.8130584,2.7893553,2.772151,2.7767453,2.755354,2.7706635,2.7887897,2.7531853,2.7454202,2.7336893,2.6990833,2.7275672,2.7357285,2.7393372,2.707813,2.7034993,2.6995864,2.7101433,2.67855,2.7035491,2.6750793,2.7298884,2.6921864,2.7014606,2.7197635,2.6664147,2.7127082,2.6711314,2.672546,2.7008748,2.7243435,2.7152824,2.7349787,2.7288637,2.7682464,2.733627,2.7608175,2.7793996,2.7642953,2.7835035,2.7981036,2.8269572,2.8239148,2.8290327,2.8529162,2.8416398,2.8625731,2.9127498,2.8583322,2.8979666,2.921065,2.9356828,2.9747605,2.9594774,2.9626243,3.0232568,2.9962068,2.9715219,2.9848602,3.0012796,3.0091045,2.996489,2.9912689,3.0424802,3.036339,3.073525,3.1143167,3.1381042,3.1460752,3.1150131,3.0848625,3.1174953,3.124246,3.098316,3.1138887,3.154812,3.1715932,3.1403,3.1573608,3.170193,3.1760175,3.1849809,3.167186,3.119042,3.1614585,3.178886,3.1847003,3.1996467,3.1883163,3.2488043,2.073049,3.2489576,3.3253508,3.3593826,3.4242775,3.4588952,3.4966562,3.4785602,3.491848,3.4952471,3.4634492,3.517422,3.528118,3.582875,3.5958428,3.6764908,3.6486452,3.7018106,3.6721408,3.6538846,3.5532405,3.6247025,3.571065,3.5991886,3.5835059,3.5956483,3.6354606,3.5892596,3.673875,3.6518133,3.677321,3.6845822,3.657681,3.69947,3.7421656,3.7553725,3.7201066,3.7142603,3.7506702,3.7347589,3.752307,3.7536623,3.775529,3.7798493,3.7807715,3.7916453,3.79672,3.8001726,3.798968,3.804428,3.8041015,3.8167446,3.80683,3.8143501,3.828371,3.831903,3.8330731,3.8407316,3.810765,3.8802717,3.8582273,3.8867066,3.8719893,3.8952892,3.8786511,3.859778,3.8671927,3.8990273,3.8945312,3.900792,3.9119792,3.8824456,3.8596923,3.8670812,3.9032536,3.896065,3.8811965,3.8805418,3.8968825,3.8954926,3.8916333,3.915767,3.8919206,3.908105,3.8763888,3.8819506,3.8834007,3.866093,3.9149563,2.8409178,3.5287118,3.7250578,3.756872,3.9543934,3.9483733,3.9088304,3.9163656,3.8881712,3.88646,3.9621353,3.8986034,3.9836495,4.040359,4.0420465,4.0674276,4.0515227,3.8817039,3.9100995,3.9436047,3.9322445,3.9298468,3.9500148,3.9420235,3.9384103,3.9373837,3.9226692,3.9278886,3.941751,3.9455981,3.9355617,3.971791,3.9267511,3.9361882,3.9433813,3.9283702,3.9468236,3.972498,3.9538958,3.9314938,3.956373,3.9646695,3.9695966,3.984877,3.9581203,3.957855,3.9551857,3.9803703,3.9669836,4.007756,3.983119,3.9806638,3.9974854,3.9927168,3.9856603,3.9800656,3.9874828,4.0051856,4.0213423,4.012752,3.9965038,4.038838,3.9939713,3.987074,3.996985,3.998456,3.9692643,3.9782982,3.983066,4.0162444,3.9660773,3.9656043,3.9598527,,,,,,,,,,,,,,,,,,,,,,,,,,,,,,,,,,,,,,,,,,,,,,,,,,,,,,,,,,,,,,,,,,,,,,,,,,,,,,,,,,,,,,,,,,,,,,,,,,
3.6150842,3.6072512,3.5981688,3.600304,3.579695,3.5921168,3.5537138,3.571849,3.5861452,3.581798,3.5880408,3.5743833,3.574618,3.5838003,3.5855317,3.5789375,3.5814092,3.5714738,3.5865216,3.5814257,3.5920901,3.5746708,3.5993419,3.586408,3.5908425,3.6181343,3.5983896,3.5775054,3.5965538,3.6212142,3.657127,3.6713417,3.6180334,3.6758068,3.658238,3.6658359,3.667826,3.67428,3.6682339,3.671727,3.6831393,3.695843,3.6793473,3.7090945,3.7009306,3.6664095,3.6537716,3.6937509,3.6524928,3.6593652,3.6117055,3.5820928,3.5496573,3.5453615,3.4884331,3.471606,3.456357,3.4211583,3.3780644,3.3334274,3.29552,3.2671657,3.2097974,3.1639156,3.1653025,3.1437013,3.141874,3.0881627,3.0975678,3.044241,3.015317,3.0024557,2.9959662,2.9705412,2.9122148,2.898078,2.9036722,2.9409556,2.919546,2.8468008,2.8466015,2.8185456,2.8341672,2.835686,2.8358054,2.8095999,2.7958357,2.7719078,2.8196874,2.789452,2.7928104,2.8025377,2.765612,2.7880762,2.7448008,2.7894382,2.765005,2.7917123,2.7762773,2.7720046,2.7579036,2.7723408,2.785146,2.7825332,2.7832506,2.7497633,2.7404287,2.7292607,2.7640862,2.772578,2.8044717,2.8043127,2.8234832,2.8153453,2.825053,2.877965,2.8246646,2.8390846,2.8559217,2.8449378,2.8985193,2.8739293,2.8927906,2.9232547,2.9347792,2.9572396,2.9484231,2.962031,2.9851542,2.960133,3.0204108,2.9871678,3.0295568,3.0358198,3.0334473,3.0704978,3.0522146,3.0623317,3.1003966,3.0743546,3.094406,3.1318367,3.1001644,3.1538079,3.178093,3.2212353,3.180964,3.224054,3.2187042,3.21787,3.247842,3.2652516,3.2733662,3.2918823,3.2825234,3.2736022,3.2953587,3.267784,3.2956371,3.3082197,3.297215,3.3273387,3.323387,3.3556945,3.3817284,3.3860488,3.391339,3.3873935,3.4334977,3.4313917,3.454191,3.4711866,3.4439864,3.4553406,3.4694805,3.5069263,3.50572,3.527893,3.5206263,3.5592074,3.5457325,3.5554254,3.543714,3.570988,3.5534213,3.5688052,3.558884,3.6364315,3.589777,3.344114,1.7940348,3.5849986,3.8284724,3.8233302,3.7701657,3.7797806,3.7823446,3.744932,3.7408903,3.795614,3.8204632,3.889364,3.9550312,3.9161696,3.9144409,3.8535392,3.8040824,3.8243096,3.8048463,3.8440003,3.8339274,3.8090725,3.8219492,3.8242576,3.8283854,3.8347251,3.823662,3.8373716,3.8412766,3.8455567,3.8349185,3.833229,3.855321,3.8448517,3.847228,3.8958194,3.8508344,3.874666,3.8430865,3.875413,3.9089057,3.8684464,3.8802803,3.8750453,3.9304526,3.942377,3.9250047,3.9641187,3.9542758,3.9735224,3.9487472,3.9495993,3.9348214,3.9719334,3.9705458,3.9771206,3.9850442,3.9518235,3.9826386,3.9849072,3.9499445,3.9643257,3.9985316,3.9959607,3.9829063,3.9615116,3.974166,3.9926257,3.9927857,3.9954958,3.9975252,3.9802282,4.0024624,3.9780538,4.000581,3.999559,3.9986422,3.9990103,3.9818778,3.9681153,3.9992313,3.9986057,3.95591,3.9715588,3.9581192,3.9660957,3.967097,3.9566376,3.9519775,3.9645965,3.9284964,3.9562135,3.938497,3.9246202,3.9314623,3.9123871,3.9761026,3.9364471,3.9661736,3.9519837,3.9420543,3.9389622,3.9386864,3.927652,3.9687002,3.9737003,3.9118712,3.9267592,3.9067693,3.9473536,3.9330144,3.9048557,3.9269538,3.932892,3.9069862,3.9489763,3.9402943,3.9433951,3.934145,3.952705,3.8987472,3.9310527,3.9181666,3.9245663,3.9249415,3.9400332,3.9494643,3.9548428,3.940782,3.9365594,3.9499352,3.9267023,3.9574323,3.9437888,3.9241586,3.9562416,3.9564881,3.96073,3.956368,3.9486887,3.9678743,3.9439318,3.9502609,3.9408565,3.9447668,3.9389055,3.9477046,3.9708323,3.914099,3.9864047,3.94152,3.9477766,3.9399054,3.971745,3.952219,3.9797127,3.9624584,3.9440897,3.9483807,3.9611042,3.953116,3.970744,3.9704618,3.9723327,3.9618964,3.9522884,3.9493096,,,,,,,,,,,,,,,,,,,,,,,,,,,,,,,,,,,,,,,,,,,,,,,,,,,,,,,,,,,,,,,,,,,,,,,,,,
3.3013804,3.2559063,3.2662096,3.256421,3.2634716,3.297341,3.263287,3.2544942,3.2460184,3.2510467,3.266208,3.2490103,3.255129,3.2618768,3.2619932,3.2856333,3.2770693,3.2771337,3.2984896,3.2809665,3.3273785,3.3369715,3.3070695,3.3402078,3.3489363,3.3464055,3.3562706,3.3838835,3.3883111,3.438084,3.4306026,3.4059365,3.4226725,3.4298475,3.4459653,3.4390125,3.4645944,3.481116,3.4679224,3.493025,3.5162828,3.4907854,3.4833221,3.5087566,3.4993856,3.4682918,3.503469,3.4680207,3.44932,3.4465177,3.4360409,3.394596,3.3903,3.3475995,3.31225,3.2460935,3.232929,3.2206743,3.1948996,3.1647608,3.172426,3.0833855,3.065545,3.0008264,2.989355,3.0084658,2.9932642,2.9179752,2.9253404,2.9030423,2.8539102,2.865291,2.8043008,2.7861218,2.749347,2.7328672,2.7191598,2.6875308,2.679085,2.67112,2.6608577,2.6735141,2.6249928,2.6750143,2.6304681,2.6294665,2.6369257,2.6483877,2.588013,2.6104503,2.615182,2.5750809,2.6222703,2.604687,2.6265392,2.6510062,2.6328268,2.6068513,2.6149645,2.6490948,2.6377914,2.6379616,2.6116102,2.6104057,2.6180618,2.6340332,2.6036506,2.6234324,2.6292114,2.6476638,2.6329925,2.643426,2.6768975,2.6795843,2.658957,2.6887689,2.6434846,2.6948848,2.6859925,2.7068067,2.688661,2.733487,2.751053,2.7777774,2.7887304,2.7839084,2.8218246,2.8298001,2.8581865,2.8841312,2.8740244,2.9300194,2.9220858,2.93438,2.9747045,2.9628997,2.9517915,2.9720407,3.0069811,2.9918656,2.9789484,2.9825683,3.0223818,3.019085,3.0542126,3.0753741,3.0938108,3.1136258,3.1587296,3.1595914,3.1376257,3.1622705,3.1827095,3.1637359,3.1796331,3.1794465,3.2272315,3.220055,3.2130191,3.269441,3.2883346,3.2979932,3.3016734,3.3060572,3.2668538,3.2779093,3.2993538,3.3156643,3.3440678,3.3400214,3.350136,3.3729362,3.3656068,3.3774183,3.3858666,3.4112706,3.3999667,3.4213786,3.4276936,3.4251313,3.4472103,3.4340289,3.4174025,3.4544935,3.414091,3.4352546,3.466812,3.4627893,3.4743638,3.4863384,3.495232,3.5194016,3.4838996,3.525487,3.5195,3.5174897,3.499744,3.5227692,3.51724,3.514736,3.529875,3.5163918,3.5187328,3.4964252,3.5089881,3.5056746,3.5007672,3.4998424,3.4333048,3.4591608,3.4281757,3.3592172,3.393821,3.363035,3.379481,3.3400671,3.3235354,3.3245523,3.2717915,3.2760074,3.278415,3.2603545,3.2429476,3.2037501,3.2097917,3.2066607,3.1959238,3.1831903,3.170883,3.180023,3.1461418,3.168682,3.20551,3.1418679,3.167419,3.1674871,3.1627245,3.1522367,3.1626778,3.1393685,3.1584396,3.1641183,3.1948907,3.18424,3.1878386,3.2044668,3.1956317,3.2031064,3.201187,3.1878748,3.196648,3.197429,3.226247,3.200787,3.2385573,3.2447655,3.2437592,3.3023956,3.2906868,3.3203108,3.3051908,3.3017318,3.3202782,3.3652198,3.321419,3.3597715,3.3285375,3.4323869,3.3416772,3.3863797,3.3892643,3.3853297,3.4447942,3.4308052,3.5023272,3.4746149,3.4865375,3.491026,3.5108101,3.5053172,3.5333915,3.5579808,3.5614438,3.5598536,3.5698674,3.5567462,3.564086,3.5742903,3.5648818,3.5919642,3.5809581,3.6045997,3.6021078,3.5863767,3.616383,3.6277223,3.6300082,3.6226046,3.6516492,3.6646907,3.668387,3.6540167,3.693326,3.6811821,3.663575,3.6894288,3.6870377,3.7161949,3.7262142,3.6929724,3.714163,3.677734,3.7171583,3.7101858,3.6953957,3.7141285,3.746198,3.7122886,3.715676,3.74399,3.7568161,3.7607508,3.751555,3.7776399,3.7603796,3.762799,3.7731574,3.7782578,3.7560315,3.7796533,3.785977,3.7798073,3.7603543,3.7718594,3.79314,3.7966008,3.7566857,3.790518,3.7742178,3.739315,3.7671072,3.7828329,3.7863228,3.7738385,3.7766423,3.7557619,3.7648535,3.7716448,3.8006573,3.756346,3.773163,3.8040035,3.801467,3.792128,3.773878,3.80624,3.7857888,3.797577,3.7946248,3.7978146,3.7602966,3.7876165,3.7961638,3.7874436,3.7974193,3.7649941,3.785456,3.7869408,3.7808552,3.7721794,3.7667394,3.7999809,3.761361,3.7890933,3.8269224,3.8191228,3.7925801,3.83299,3.8063216,3.8226762,3.781236,3.7973068,3.800098,3.8347945,3.798512,3.8111997,3.8210127,3.8265202,3.8188214,3.814068,3.7953982,3.8244014,3.8153436,3.8234782,3.810886,3.8545308,3.8292692,3.840486,3.8448637,3.849964,3.8384974,3.8515422,3.817692,3.8337746,3.8424585,3.8467953,3.85402,3.8483353,3.84754,3.860926,3.8470914,3.8846288,3.8312328,3.8589938,3.8540273,3.869445,3.8540723,3.8807678,3.86953,3.846296,3.86484,3.8528733,3.857482,3.8653204,3.858357,3.872484,3.8687716,3.863378,3.8780837,3.8912222,3.891538
3.404236,3.4367094,3.4140337,3.4155693,3.4123814,3.388525,3.412931,3.4072566,3.4142208,3.420337,3.414609,3.4128819,3.4205244,3.408791,3.4273188,3.4160407,3.4229279,3.4241958,3.4487376,3.432496,3.4391022,3.4461622,3.4102745,3.4475598,3.4597495,3.4444714,3.4679987,3.5046246,3.5221598,3.531098,3.5080328,3.526233,3.5476103,3.5490904,3.597791,3.5925975,3.5955124,3.6061473,3.603512,3.6035342,3.6256063,3.6145687,3.6364543,3.617509,3.6364534,3.6113994,3.602895,3.5845778,3.5880997,3.576049,3.5331295,3.5343647,3.4543762,3.4303877,3.4185069,3.383649,3.3785486,3.354548,3.32058,3.217437,3.1857455,3.1929832,3.1526196,3.1173072,3.0893712,3.0954595,3.096583,3.0663908,3.0514667,3.03096,3.0006356,2.9865577,2.971927,2.9112794,2.8985674,2.9145424,2.892795,2.8413103,2.8477056,2.846809,2.8309717,2.8616607,2.8518822,2.8314984,2.8511698,2.835241,2.8295496,2.791011,2.808172,2.8205094,2.7989795,2.8138442,2.8305597,2.8236015,2.7935383,2.7950113,2.7756193,2.8264647,2.7896328,2.798376,2.7986736,2.806991,2.8038948,2.78766,2.8674762,2.8387282,2.8419824,2.8512197,2.895099,2.9048595,2.9133556,2.9157343,2.9027963,2.9145586,2.9270465,2.9278347,2.9603624,2.9442856,2.9332016,2.9453173,2.979709,2.9925869,2.9685068,3.0602155,3.025816,3.0232131,3.0172594,3.0388181,3.084358,3.0687542,3.0796208,3.150821,3.1426005,3.1743891,3.1758652,3.1991956,3.1844609,3.194784,3.2204149,3.2194672,3.2324297,3.238738,3.230958,3.2470744,3.2495227,3.2914715,3.2730331,3.2896872,3.2535298,3.2892067,3.298545,3.2952173,3.3036149,3.287137,3.2795155,3.320502,3.3017716,3.289158,3.3101904,3.289831,3.2800894,3.4900343,3.5378153,3.5404506,3.4741628,3.461244,3.4426613,3.4461277,3.5299187,3.6643775,3.6515224,3.4645658,3.715912,3.5349157,3.5909145,3.5730648,3.568997,3.598227,3.5903208,3.620274,3.612968,3.6377518,3.642042,3.6711543,3.6495275,3.645782,3.6600409,3.6595232,3.6680357,3.6936343,3.6842234,3.6856456,3.6994097,3.6836681,3.6858873,3.7607684,3.7713497,3.7515564,3.723174,3.7050595,3.7550068,3.7990248,3.769466,3.798666,3.7907867,3.7895164,3.7791815,3.8220627,3.8061,3.8134954,3.8401961,3.7899067,3.8145297,3.8323803,3.8114295,3.8516111,3.8390067,3.831763,3.846439,3.8704338,3.8536515,3.9107966,3.9150345,3.8963253,3.8623953,3.8082461,2.8961859,3.4821603,3.4794629,3.618803,3.7409215,3.6871135,3.7771065,3.8049896,3.8153462,3.8067412,3.84982,3.8560488,3.8575795,3.8408334,3.8692112,3.8902397,3.8859236,3.9514444,3.989172,3.9978285,4.015638,4.0582476,4.1250243,4.198579,4.2005634,4.185182,4.1906075,4.1916394,4.180269,4.1974115,4.2365146,3.9422636,4.2045355,4.20464,3.9374254,4.240676,4.1183376,4.0143213,3.9535112,3.9911304,4.018915,3.9714842,3.9551008,4.0020747,3.9805083,3.9768128,3.994133,3.980019,3.997824,3.9879827,4.006967,4.020332,4.031782,4.0412984,4.031332,4.0058246,4.007007,4.013512,4.017316,4.0241294,3.999553,3.9883835,3.9786024,3.9976754,4.0249877,4.0005746,4.0257144,3.9924293,3.990207,4.014731,3.9961407,3.982935,3.973367,3.967713,3.9699478,3.9610958,3.9873445,3.9990454,3.9710963,3.9860153,3.9628813,3.971201,3.957169,3.9713256,3.9774613,3.9648097,3.9612029,3.9830961,3.9874363,4.00901,3.9624836,3.9728658,,,,,,,,,,,,,,,,,,,,,,,,,,,,,,,,,,,,,,,,,,,,,,,,,,,,,,,,,,,,,,,,,,,,,,,,,,,,,,,,,,,,,,,,,,,,,,,,,,,,,,,,,,,,,,,,,
3.3876708,3.3945796,3.3754368,3.3791199,3.3564496,3.3610342,3.376404,3.3795838,3.354043,3.3659556,3.369148,3.368267,3.3256836,3.3261116,3.3792262,3.3446898,3.3510087,3.3447173,3.3658838,3.3510098,3.3945105,3.3595598,3.3802702,3.388868,3.3873208,3.414975,3.4119353,3.3953583,3.4127853,3.4269774,3.416825,3.416537,3.4572477,3.443699,3.4503038,3.4736931,3.4551067,3.4585698,3.4798849,3.4718401,3.4869497,3.4742813,3.521449,3.4878237,3.5745835,3.540805,3.5071156,3.514296,3.509663,3.4614797,3.4392955,3.4016962,3.4310474,3.4003606,3.3742914,3.3547356,3.3258631,3.3001928,3.2640827,3.2468245,3.2359405,3.1355672,3.1314778,3.1160972,3.126308,3.1291041,3.06413,3.0584333,3.0530891,3.0139565,3.0065563,2.9607751,2.9199133,2.8970351,2.9009044,2.9050014,2.8885477,2.8271015,2.8300662,2.8237476,2.7961843,2.789697,2.7987452,2.7996743,2.7836032,2.805427,2.7812064,2.7862344,2.761277,2.766077,2.8020217,2.7992187,2.792861,2.756957,2.7711442,2.7738457,2.7632358,2.7511296,2.7576225,2.752372,2.7898521,2.8106627,2.7628348,2.781223,2.7753642,2.7682462,2.7709782,2.771465,2.7884197,2.7825496,2.7929604,2.768177,2.8031192,2.827409,2.786755,2.8434646,2.8420043,2.8840668,2.845696,2.8503778,2.8905466,2.8942745,2.8978376,2.9260476,2.9454014,2.936719,2.9763238,2.9957933,2.975649,3.007531,3.0017452,3.0105572,3.0277321,3.0831356,3.068833,3.087403,3.1077816,3.1148043,3.1333518,3.1549158,3.1580343,3.1834707,3.1917543,3.2327685,3.2169602,3.2404013,3.2455826,3.2412276,3.2419333,3.2345476,3.2569056,3.2794528,3.2761776,3.2326078,3.3067987,3.287946,3.3232925,3.3144045,3.3138547,3.3296442,3.2876177,3.2851272,3.3629012,3.3049252,3.2992566,3.2957432,3.2922182,3.2629697,3.3013432,3.281795,3.2860284,3.2812765,3.2709115,3.23772,3.2751505,3.245811,3.2825327,3.247914,3.2328062,3.230454,3.2770858,3.269729,3.24526,3.3235962,3.286002,3.2656384,3.2791834,3.2755558,3.3217838,3.2894394,3.316171,3.2992096,3.349674,3.3573067,3.31322,3.3462424,3.3501148,3.349473,3.380667,3.3981903,3.3785975,3.4001036,3.3944948,3.3904939,3.461384,3.4203987,3.4586754,3.4540067,3.4608817,3.4704852,3.4826121,3.4644446,3.4937775,3.532564,3.496859,3.5022264,3.5250244,3.510654,3.5125945,3.5141673,3.5405731,3.54789,3.5931144,3.5726619,3.5749183,3.5716684,3.6129951,3.598782,3.609052,3.6390731,3.614242,3.6574168,3.6606069,3.646621,3.6443472,3.6422381,3.6703365,3.6549826,3.6981406,3.6580703,3.6853683,3.729264,3.7204695,3.711041,3.7018669,3.7408507,3.735129,3.7350698,3.7439322,3.7501543,3.7575173,3.7767034,3.762902,3.7485247,3.7890618,3.8008537,3.7978249,3.7943363,3.7710836,3.7660427,3.7885065,3.7969947,3.8300638,3.813438,3.8288047,3.8206677,3.8477023,3.8319616,3.8428226,3.8373475,3.8781176,3.841161,3.857258,3.8412018,3.857237,3.847379,3.8700051,3.896784,3.8519273,3.849531,3.856693,3.876614,3.8530262,3.937899,3.872157,3.8406107,3.8835127,3.8950586,3.8594003,3.893822,3.9011488,3.864872,3.8837097,3.9064627,3.881185,3.8653157,3.8861322,3.8956702,3.8782744,3.9132497,3.8852503,3.89895,3.910577,3.8930032,3.8725736,3.875469,3.8912416,3.8723767,3.9126441,3.8937526,3.8803935,3.8940434,3.8747108,3.9116976,3.9323585,3.916095,3.8927765,3.9727883,3.9208357,3.91919,3.925403,3.922466,3.9317768,3.9262164,3.9637055,3.934132,3.9265819,3.938532,3.930775,3.943327,3.9171698,3.9398685,3.9320068,3.9294932,3.9227207,3.932261,3.9302561,3.9405572,3.920973,3.9007077,3.950224,3.9705563,3.9049993,3.9552636,3.9518635,3.955024,3.9595964,3.9296472,3.9592652,3.9331183,3.925946,3.939512,3.958503,3.9346914,3.9521413,3.9175062,3.941475,3.9401996,3.912623,3.9506314,3.901185,3.936999,3.9209516,3.9646895,3.940322,3.97252,3.9761744,3.930767,3.9681492,3.9421182,3.9340577,3.9817488,3.9726272,3.9460335,3.9554815,3.9467587,3.9365826,3.953689,3.929587,3.9481788,3.9506998,3.9447627,3.9291346,,,,,,,,,,,,,,,,,,,,,,,,,,,,,,,,,,,,,,,,,,,,,,,,
3.55446,3.5898993,3.5683491,3.5561845,3.5424087,3.5462632,3.5369039,3.5688133,3.58115,3.5906768,3.5720565,3.5560203,3.5707915,3.6005123,3.566071,3.5809033,3.5695565,3.6090755,3.6003952,3.6178613,3.587357,3.6390967,3.6316514,3.6559176,3.639798,3.6279337,3.6695843,3.6436243,3.6707115,3.6437998,3.6570337,3.6638646,3.6905992,3.674093,3.70349,3.7044609,3.7185721,3.7287867,3.71016,3.7048576,3.742593,3.7134254,3.7240155,3.7620165,3.7664106,3.7576501,3.7795527,3.7538617,3.757234,3.7433774,3.724084,3.7205684,3.7016509,3.695182,3.6443598,3.6018054,3.596374,3.5216382,3.4864528,3.4975202,3.442682,3.3734035,3.3468332,3.2761648,3.2723644,3.2319791,3.224728,3.1998703,3.1707351,3.1198058,3.1150463,3.0569222,3.0466337,3.030632,3.045695,2.9778771,2.937903,2.9643888,2.9361646,2.905974,2.8840435,2.869121,2.8538737,2.8534758,2.8002024,2.7673693,2.8169641,2.7447054,2.7321324,2.7364361,2.7701066,2.7587855,2.7118218,2.7142978,2.7367005,2.7485301,2.7419002,2.7369785,2.7374885,2.7016115,2.738251,2.7223513,2.7408438,2.7004595,2.7188401,2.735186,2.73074,2.723835,2.73514,2.72369,2.7347097,2.724391,2.726011,2.7938988,2.7422957,2.7572432,2.7563381,2.7507963,2.7594223,2.8162537,2.7974432,2.8392816,2.8722527,2.897394,2.8456252,2.8562076,2.9015489,2.8643107,2.9067912,2.8715284,2.9158096,2.9348013,2.93796,2.905936,2.948057,2.9705014,2.9852853,3.024968,3.052481,3.027188,3.0686414,3.0344446,3.06414,3.1073172,3.0737286,3.119843,3.1102643,3.115236,3.1377316,3.176795,3.148377,3.2248197,3.2072816,3.2280135,3.2219198,3.240383,3.2509623,3.2622232,3.24306,3.2810907,3.3093283,3.3159328,3.3385544,3.3636897,3.3396504,3.3109603,3.3360074,3.3283212,3.321588,3.3634706,3.3554626,3.3573701,3.347464,3.3344452,3.2911367,3.372166,3.315266,3.3087654,3.3041391,3.301891,3.3105168,3.319424,3.2865841,3.276072,3.2803452,3.3144932,3.2937083,3.2885776,3.263488,3.368995,3.2803903,3.2414036,3.3865669,3.3527927,3.401003,3.4525893,3.4413016,3.4539237,3.4904742,3.4476569,3.4578288,3.5090399,3.5407245,3.680676,3.5382233,3.5433335,3.5265956,3.5357678,3.5678523,3.6046033,3.6168933,3.6147802,3.605346,3.6203017,3.6598482,3.6808317,3.665274,3.6751463,3.7124562,3.7170253,3.6923218,3.7287855,3.697057,3.7285957,3.75525,3.7759056,3.77243,3.7655153,3.7681425,3.7724485,3.7834158,3.7632973,3.7699637,3.77494,3.7740414,3.713013,5.3716316,3.426357,3.2396498,3.4880543,3.5464404,3.6974063,3.7684083,3.7836506,3.850626,3.8582482,3.8583283,3.8523042,3.8759615,3.850177,3.8355458,3.8318682,3.8572235,3.867083,3.8514712,3.9103067,3.9740748,4.0301547,4.0636835,4.042172,4.044059,4.0023932,3.980139,3.8470263,3.866386,3.8676138,3.8554475,3.8627875,3.914628,3.8880925,3.8784354,3.8691144,3.8661742,3.8820214,3.9148078,3.8996642,3.8922312,3.8938036,3.8801804,3.889605,3.9116426,3.8908563,3.8888335,3.912608,3.8726113,3.9253345,3.8761702,3.9022849,3.9067929,3.9153929,3.9344852,3.924585,3.8995907,3.933798,3.892829,3.9182467,3.9399781,3.918164,3.893582,3.9281735,3.920339,3.9418364,3.916142,3.9426441,3.942943,3.9352193,3.9600468,3.9580402,3.9082272,3.95111,3.9566505,3.9336898,3.9442232,3.9312768,3.9326012,3.9279623,3.9221797,3.949155,3.9388463,3.942265,3.9389768,3.9309928,3.9231353,3.9479437,3.9675395,3.9404774,3.942328,3.9701242,3.953002,3.955595,3.914343,3.9270773,3.929129,3.9291608,3.9296432,3.9415898,3.951044,3.9216602,3.9661393,3.9454484,3.9368806,3.932555,3.9461625,3.980365,3.9399893,3.952655,3.9493961,3.9262447,3.9638166,3.9415128,3.9279602,3.9764855,3.9435527,3.9365075,3.9283853,3.9713008,3.9404657,3.9564116,3.936939,,,,,,,,,,,,,,,,,,,,,,,,,,,,,,,,,,,,,,,,,,,,,,,,,,,,,,,,,,,,,,,,,,,,,,,,
3.4983125,3.4878197,3.4840605,3.4940326,3.4858134,3.439226,3.4778688,3.479556,3.4868166,3.4798102,3.4873397,3.4565213,3.4679227,3.4922032,3.4863594,3.4736152,3.456489,3.468832,3.4692838,3.4779918,3.4566944,3.488744,3.5057454,3.5117154,3.5165982,3.5232046,3.5126824,3.5243719,3.5305278,3.5524704,3.5368545,3.5405567,3.560088,3.5306542,3.5604436,3.559324,3.5814962,3.5739863,3.6033292,3.6310918,3.6039639,3.5970466,3.5992417,3.615041,3.617511,3.6311553,3.6097574,3.5919833,3.594429,3.5983138,3.5421462,3.5434093,3.5177615,3.4986377,3.4486172,3.4298787,3.4130807,3.396031,3.3513815,3.3481543,3.3070986,3.2847204,3.2111974,3.172193,3.1605952,3.1477373,3.0907161,3.0717182,3.0767941,3.0508459,2.9885883,2.9908617,2.9769213,2.9571352,2.9605172,2.9071162,2.9564998,2.888254,2.8617291,2.879766,2.8308702,2.864754,2.8625894,2.8010166,2.7793798,2.779801,2.7848248,2.8099422,2.7759635,2.7918253,2.784576,2.7452478,2.8064327,2.743242,2.7546813,2.7253988,2.7463865,2.764394,2.7508662,2.7276633,2.7704458,2.7181015,2.7407837,2.7199442,2.7240107,2.7366064,2.7726927,2.7367213,2.7316008,2.7766025,2.778987,2.788134,2.8059874,2.8045466,2.775507,2.8144457,2.8581727,2.8474617,2.8607724,2.858396,2.8547816,2.9012244,2.8492234,2.9170945,2.9323983,2.915175,2.932932,2.928852,2.9413228,2.9671595,2.9855504,2.9607587,2.980917,3.0069919,3.0337179,3.0353427,3.0421557,3.0948143,3.0700698,3.0848098,3.116601,3.141271,3.1867037,3.1712854,3.1881933,3.1790943,3.2078018,3.22318,3.2457967,3.2639058,3.253778,3.2655303,3.2883992,3.3131433,3.3042586,3.3126817,3.3175929,3.3435452,3.387149,3.393337,3.404697,3.438421,3.3769348,3.4369648,3.436578,3.4729574,3.4762037,3.4654994,3.4746845,3.4770074,3.4634883,3.4959989,3.5006104,3.4769669,3.4670868,3.4659765,3.4733052,3.4729583,3.431607,3.4691072,3.4621048,3.4196346,3.4013705,3.4250476,3.3603823,3.3541033,3.3555505,3.3699744,3.344886,3.3149855,3.3109264,3.3402252,3.319596,3.327386,3.2892885,3.3057487,3.3075678,3.251907,3.3151484,3.3339367,3.3993604,3.374548,3.3790817,3.3577027,3.4135873,3.4631648,3.4587948,3.418964,3.4415767,3.4421508,3.4392104,3.4734473,3.5126216,3.6176934,3.7253118,3.507469,3.5629284,3.5569346,3.5668283,3.5410142,3.5842953,3.602716,3.6316693,3.6460862,3.6561208,3.668977,3.6923754,3.7202787,3.7133405,3.7106094,3.7317054,3.7459302,3.743014,3.7391782,3.7597425,3.7386062,3.7540135,3.744139,3.770251,3.7620988,3.7983997,3.7635102,3.7771347,3.7691631,3.7777565,3.7831268,3.7973871,3.7798347,3.7921634,3.8136716,3.8097003,3.7767558,3.8245764,3.7869234,3.7902298,3.798091,3.7891603,3.8125381,3.824066,3.8279011,3.7894287,3.847803,3.826806,3.8219628,3.8288863,3.8442862,3.822648,3.83612,3.832009,3.8375986,3.8177752,3.8460171,3.853091,3.8397894,3.8387403,3.8491702,3.847218,3.8296854,3.8457406,3.8305168,3.8446183,3.8491495,3.8427563,3.8405805,3.8182766,3.831291,3.8419662,3.8169255,3.8341913,3.820728,3.8036723,3.819942,3.832314,3.834436,3.8406637,3.8118026,3.8264487,3.802501,3.8392787,3.8176584,3.828433,3.8233442,3.8452837,3.831203,3.8373501,3.851059,3.8448913,3.8269525,3.8538973,3.8341327,3.8190649,3.8470225,3.8084147,3.8274918,3.83107,3.7989333,3.8120546,3.808526,3.8273754,3.8077946,3.8259034,3.829491,3.831072,3.8028266,3.8038664,3.831111,3.8170304,3.8276098,3.8305614,3.8271372,3.8400726,3.8338768,3.8313446,3.8438792,3.8327634,3.852815,3.8479571,3.8250594,3.8705075,3.8564074,3.853998,3.8378708,3.8399003,3.8604374,3.8546708,3.85194,3.859826,3.853056,3.842407,3.8285723,3.8692048,3.8612561,3.8866076,3.88217,3.8824174,3.8594556,3.897363,3.8595903,3.8756278,3.8614228,3.8795195,3.8750148,3.897704,3.8879378,3.85177,3.899837,3.892492,3.8973925,3.8483882,3.9095888,3.8809364,3.8910255,3.8868866,,,,,,,,,,,,,,,,,,,,,,,,,,,,,,,,,,,,,,,,,,,,,,,,,,,,,,,,,,
3.641781,3.6403408,3.6555233,3.6130514,3.6054285,3.6159263,3.629604,3.617367,3.626225,3.6312504,3.6155086,3.6347563,3.631182,3.6218567,3.6474776,3.6262844,3.6326625,3.6292806,3.6293929,3.6347055,3.6478856,3.6342692,3.660131,3.6300437,3.6555746,3.6555152,3.6817389,3.6636415,3.651621,3.6595702,3.7029243,3.6602817,3.7030196,3.7194932,3.7050998,3.7449224,3.7543404,3.7688603,3.764083,3.8051243,3.7792192,3.8140032,3.8064725,3.800768,3.793657,3.8358128,3.8112867,3.8108604,3.7809763,3.7859123,3.7166018,3.728869,3.7146587,3.6651208,3.636811,3.6268916,3.5790372,3.5289702,3.4946992,3.4900186,3.4438603,3.4528675,3.382628,3.36368,3.3310533,3.300358,3.260673,3.2336648,3.222595,3.217635,3.191687,3.1601725,3.1667984,3.1514666,3.0906298,3.08736,3.049496,3.004258,2.9981525,2.9610431,2.9865918,2.9714532,2.9684691,2.9398818,2.9302711,2.9490993,2.9104865,2.9137123,2.906797,2.9140162,2.9268818,2.9236474,2.8811278,2.8953438,2.8893235,2.8907123,2.9053383,2.895226,2.877254,2.8861718,2.8902054,2.923267,2.85366,2.8580024,2.9088666,2.8444197,2.8482165,2.8573954,2.8719833,2.8684278,2.855665,2.8855398,2.8922641,2.8800473,2.8557758,2.87978,2.91074,2.93543,2.9713557,2.9550953,2.9520962,3.0339086,3.0085418,3.0298905,3.0337808,3.0358431,3.0361252,3.059159,3.0716069,3.036381,3.0926473,3.078124,3.1090798,3.1430016,3.1360052,3.1637044,3.2213244,3.2345514,3.231444,3.2332158,3.2274454,3.2298267,3.2453456,3.2512486,3.3035574,3.3001063,3.3420215,3.354854,3.353581,3.3720715,3.3969753,3.368557,3.3748171,3.366409,3.4385788,3.4278498,3.4104588,3.4175882,3.4034111,3.4134784,3.4073308,3.4112568,3.4312444,3.399758,3.3684466,3.3647933,3.3748958,3.4072263,3.3714895,3.3761094,3.3627982,3.383074,3.3619492,3.388596,3.362921,3.3511553,3.370417,3.3677008,3.3525732,3.344831,3.3495066,3.3619106,3.3726482,3.389019,3.3666275,3.371763,3.369666,3.3855038,3.3586514,3.4087403,3.3885412,3.3961327,3.425226,3.4332314,3.3958392,3.418805,3.4373605,3.4852266,3.4718213,3.4610102,3.4598122,3.4784808,3.5275974,3.4853115,3.5165935,3.5125237,3.5294533,3.5254128,3.5547028,3.5310884,3.5598001,3.5768065,3.5595186,3.5961387,3.595062,3.5795228,3.6126912,3.6322265,3.643341,3.6403203,3.6445909,3.6665094,3.6469784,3.65232,3.6693952,3.7172713,3.709374,3.7002082,3.7283103,3.723542,3.7348907,3.7397282,3.7491436,3.7279465,3.7717702,3.7635043,3.7833402,3.7867844,3.7790208,3.7736855,3.7877517,3.7894444,3.8115654,3.8064175,3.811193,3.8488407,3.8538122,3.8506603,3.8375502,3.8365808,3.8546937,3.8714998,3.8548172,3.9013133,3.8853033,3.8772218,3.8710206,3.886029,3.89435,3.8629117,3.8505273,3.9009058,3.8834062,3.9164588,3.8705418,3.8918457,3.901303,3.9116707,3.9086316,3.9289668,3.8931625,3.9066112,3.91856,3.9381416,3.8894854,3.9688125,3.9385526,3.9541404,3.9429944,3.935705,3.918387,3.9548135,3.9585595,3.9404833,3.9514644,3.9805412,3.9577746,3.9721475,3.9443967,3.970476,3.9889498,3.9676044,3.975881,3.9505434,3.974996,3.9658918,3.9786131,3.9843419,3.9702601,3.976926,3.9988387,3.9619741,4.005456,3.9921746,3.9959352,3.977963,3.9852452,4.0184994,4.018589,3.9753723,4.000434,4.011519,4.003426,3.9925692,4.0111423,3.9799488,3.9881465,4.0438404,4.0350986,4.0269485,4.0377445,4.015591,4.0170646,4.0369062,4.0126314,4.009993,4.050082,4.045505,4.06192,4.032459,4.0456386,4.0721383,4.065841,4.053302,4.070168,4.071858,4.069512,4.1010604,4.0368915,4.067479,4.0728784,4.0930166,4.065504,4.0796113,4.103907,4.0984855,4.0752497,4.1359086,4.087937,4.0819836,4.08583,4.1058846,4.0867844,4.101287,4.111961,4.107998,4.0935254,4.107739,4.1057477,4.1239924,4.0951176,4.0864906,4.1285257,4.080117,4.123862,4.108684,4.101358,4.11634,4.0932426,4.115341,4.1083045,4.114998,4.106844,4.1150055,4.0941978,4.1383696,4.1318936,4.116439,4.1139383,4.1548305,4.1344934,4.122292,4.1631336,4.140233,4.105489,4.1485963,4.1674824,4.155705,4.16473,4.186377,,,,,,,,,,,,,,,,,,,,,,,,,,,,,,,,,,,,,,,,,
3.8444655,3.8130963,3.8497794,3.8389552,3.8384876,3.8109138,3.8137388,3.812117,3.8009558,3.8384812,3.8161974,3.8308368,3.827763,3.8215966,3.8329997,3.8396392,3.838352,3.839573,3.8256776,3.8311377,3.8458593,3.8411412,3.8355048,3.8424172,3.848536,3.8508453,3.8401515,3.8585243,3.8553855,3.8499327,3.870393,3.8641531,3.861545,3.8554683,3.865515,3.875038,3.9217887,3.9036562,3.9174976,3.9277449,3.920244,3.9293685,3.925227,3.9208171,3.917687,3.9238122,3.9156766,3.9262984,3.8966184,3.870833,3.853155,3.837555,3.8213713,3.771483,3.7035427,3.6910977,3.6409137,3.6255412,3.6199992,3.6024802,3.5228188,3.4863276,3.4502106,3.4555235,3.4269,3.3585181,3.3166335,3.2767067,3.2595007,3.2312772,3.194205,3.223049,3.1849136,3.1771939,3.128072,3.1328423,3.0885453,3.0761726,3.0683253,3.0360405,3.0023577,2.9820967,2.9780536,2.9617844,2.960069,2.9627798,2.9156554,2.9454494,2.9577017,2.8947415,2.9159305,2.9078794,2.9519386,2.9100041,2.8874786,2.9006305,2.90438,2.9031444,2.9114518,2.9038608,2.8814838,2.882742,2.8883095,2.907063,2.9019027,2.8999264,2.8999937,2.9067256,2.9045043,2.9305708,2.9016318,2.9088771,2.9301357,2.9189718,2.9592805,2.9429066,2.9215293,2.9546468,2.9561768,2.95293,2.9364398,2.9756093,2.9736998,2.9652224,3.0127232,2.998312,3.0654795,3.0442803,3.0515068,3.0811546,3.1376324,3.1057415,3.1157155,3.1227412,3.164466,3.1529617,3.1194534,3.1278222,3.1774118,3.158561,3.2253923,3.299648,3.228654,3.2568269,3.268431,3.26352,3.2971442,3.2797804,3.3271224,3.2933967,3.2676227,3.3039126,3.2933927,3.2940512,3.2961938,3.305032,3.3084679,3.2621558,3.2935054,3.284192,3.233194,3.2506537,3.268089,3.2255402,3.2276213,3.2217667,3.2395208,3.1860688,3.226201,3.1899803,3.2481444,3.2391095,3.2046974,3.233504,3.225901,3.2111325,3.1908658,3.2692332,3.2323341,3.2471256,3.2280295,3.2226028,3.248214,3.253651,3.2690713,3.3137012,3.3059916,3.319227,3.3016884,3.3266234,3.323233,3.2212586,3.300229,3.3546722,3.343417,3.3558743,3.6232255,3.4867468,3.4734561,3.468573,3.4336615,3.460302,3.477181,3.479866,3.4909544,3.4658642,3.473844,3.528678,3.6101065,3.6541002,3.7201917,3.6616037,3.645004,3.6486454,3.565857,3.576328,3.5880542,3.5836236,3.5999389,3.5884655,3.5900877,3.6128469,3.6535773,3.6537423,3.6522617,3.6364694,3.686196,3.7137444,3.7082717,3.7127614,3.7365127,3.725031,3.7271833,3.741112,3.7415054,3.758678,3.7612693,3.7741108,3.740713,3.7736108,3.8055654,3.7842245,3.8314123,3.7910237,3.7661629,3.7790825,3.7832909,3.804953,3.7948184,3.7992496,3.740356,3.7988207,3.8167338,3.7968738,3.7954757,3.8097272,3.8340814,3.8041894,3.8428128,3.790386,3.8304427,3.8217323,3.83393,3.8121178,3.8316002,3.8299866,3.818419,3.867034,3.8546627,3.8800757,3.8777587,3.8715734,3.8750205,3.8899207,3.8540897,3.8793283,3.8840346,3.850829,3.886943,3.8862422,3.9015865,3.901548,3.915027,3.8949332,3.8970578,3.9196258,3.899611,3.9149706,3.902874,3.9038086,3.891608,3.9039242,3.9075541,3.9020727,3.8665245,3.9245012,3.9953842,3.944982,3.89018,3.9074419,3.8991637,3.9034958,3.9184158,3.9296708,3.89543,3.9299436,3.9119887,3.9232948,3.9462118,3.919414,3.917362,3.92464,3.9077299,3.895425,3.9176617,3.917211,3.9091425,3.9036255,3.9215026,3.898147,3.9091127,3.9188898,3.9122539,3.9079158,3.9079783,3.9127507,3.9095533,3.9136136,3.916911,3.9091997,3.9181452,3.9204953,3.9078312,3.922889,3.9151356,3.9002895,3.9101987,3.9117868,3.9195936,3.9122741,3.920148,3.9188871,3.9222817,3.90766,3.9194448,3.9279306,3.9298077,3.925168,3.9171937,3.9392862,3.925738,3.9304686,3.9431381,3.922467,3.9285161,3.9427762,3.9515247,3.930973,3.953611,3.9314117,3.9418533,3.9602258,3.9655716,3.973003,3.9589422,3.9711342,3.9581044,3.952711,3.9636288,3.96068,3.9653332,3.9616385,3.980397,3.960547,3.9721727,3.9852257,3.9648783,3.9555583,3.96108,3.9690864,3.9612854,3.9434578,3.9591854,3.9634304,3.966911,,,,,,,,,,,,,,,,,,,,,,,,,,,,,,,,,,,,,,,,,,,,,,
3.5000498,3.4709444,3.4688518,3.4693024,3.514064,3.4653828,3.4452703,3.4933953,3.472122,3.471494,3.4601922,3.4954693,3.4922628,3.472096,3.5006464,3.480302,3.530694,3.514358,3.548411,3.535044,3.5460904,3.5441122,3.5960875,3.6194837,3.580286,3.608085,3.607802,3.645648,3.630755,3.6334243,3.6359413,3.6521575,3.6484313,3.670593,3.6514215,3.6660838,3.6443968,3.6700494,3.6512496,3.6667597,3.6798983,3.659997,3.676456,3.7139711,3.6805253,3.726935,3.6859674,3.6698165,3.6997354,3.714578,3.6729,3.6468086,3.6320639,3.6153798,3.5916722,3.5597537,3.5219686,3.4577038,3.439986,3.4054666,3.3608441,3.3403358,3.3073645,3.2875328,3.2146914,3.2332032,3.1404705,3.1434994,3.1138144,3.0373397,3.0806022,3.0571158,3.010582,3.0134664,3.0043495,3.0200398,2.9562376,2.9209306,2.9429328,2.8969607,2.8784168,2.8906887,2.8720057,2.83437,2.872052,2.8375986,2.836401,2.8244529,2.826289,2.8022118,2.8518918,2.8191245,2.7864814,2.7733922,2.796351,2.8154907,2.7809012,2.7589402,2.8031075,2.7490644,2.7517784,2.7549794,2.7887719,2.7933426,2.771129,2.7747874,2.8033607,2.806631,2.8210514,2.8282907,2.8144867,2.8080175,2.8007739,2.8279672,2.8088992,2.837067,2.8217719,2.8990588,2.8972363,2.895498,2.877266,2.9090223,2.9391317,2.9132786,2.9430604,2.9298325,2.9703493,2.964615,2.9633386,2.9522154,2.9805791,2.9964483,2.9932263,3.0580668,3.0638974,3.0882528,3.087899,3.1171224,3.0933878,3.1315386,3.1300695,3.1564074,3.1789474,3.1678255,3.2216687,3.1942384,3.2052448,3.2523274,3.268779,3.248255,3.2821255,3.3518934,3.313102,3.2870448,3.3359783,3.3182437,3.3534198,3.3792655,3.3797085,3.3986187,3.4255588,3.428213,3.4540517,3.4308207,3.4641585,3.4595864,3.4597573,3.4701145,3.4348314,3.444932,3.464496,3.4401488,3.4251835,3.4126086,3.4118128,3.4017467,3.4111168,3.3453665,3.368579,3.373414,3.351123,3.3586311,3.3266342,3.3120775,3.3203142,3.3585367,3.2593374,3.2886722,3.3921444,3.083491,3.194183,3.2878006,3.5438058,3.4509406,3.439788,3.457052,3.4752874,3.5065694,3.4656541,3.4451692,3.544194,3.4406264,3.555402,3.5965812,3.6037643,3.648839,3.6087575,3.5393248,3.4800117,3.5257661,3.4990337,3.5223415,3.578517,3.565675,3.5603337,3.614641,3.6344283,3.6477747,3.6606467,3.641316,3.7003276,3.6716912,3.6984415,3.6855369,3.7039409,3.718456,3.7407038,3.7076738,3.707232,3.7325723,3.7261918,3.767278,3.7737072,3.778189,3.7877996,3.80774,3.8016062,3.8259206,3.8259122,3.7947848,3.8367732,3.8265405,3.8617916,3.8250592,3.8163483,3.8548424,3.8752954,3.8732533,3.8442533,3.888407,3.8999696,3.8939366,3.8747582,3.8617563,3.8536394,3.8884804,3.8934338,3.897105,3.9085836,3.9066987,3.9126015,3.8746548,3.9018855,3.9115207,3.9065764,3.9168732,3.9261863,3.9007597,3.8907173,3.9250565,3.9122565,3.896269,3.9176068,3.919066,3.9117434,3.9321437,3.9306743,3.9431155,3.915618,3.9408035,3.9325123,3.942336,3.9280384,3.897627,3.9195893,3.9364169,3.9220345,3.9569411,3.9444292,3.9432921,3.94676,3.930347,3.9408624,3.9448974,3.9329283,3.9281137,3.9375806,3.9447756,3.9413497,3.9309027,3.9421191,3.9383957,3.9316087,3.9347007,3.9537346,3.9393628,3.9426038,3.9371994,3.8912635,3.9297101,3.8242164,3.7467852,3.6632564,3.8634348,3.9921446,3.9401567,3.9768937,3.9948308,3.9613752,3.9925838,3.983685,3.994482,3.9628077,3.9185517,3.9275699,3.9191542,3.9413729,3.9471395,3.9551125,3.9535015,3.9587758,3.967047,3.9837067,4.0145454,4.022406,4.0407763,4.015375,4.054382,4.086196,4.1496263,4.119053,4.15749,4.2013054,4.2111297,4.1444697,4.1797824,4.1956844,4.1800566,4.163245,4.076821,4.036501,4.040819,3.9855988,4.006348,4.041456,4.007404,4.0109715,4.0154195,4.0055084,,,,,,,,,,,,,,,,,,,,,,,,,,,,,,,,,,,,,,,,,,,,,,,,,,,,,,,,,,,,,,,,,,,,,,,,
3.4348738,3.4023771,3.4325724,3.4535573,3.4398353,3.3992534,3.4479592,3.420338,3.4450328,3.4355278,3.4155798,3.409085,3.4365954,3.4367266,3.4430013,3.4349837,3.410556,3.417893,3.4329255,3.4195857,3.4671166,3.4402769,3.430054,3.4494443,3.447914,3.4863424,3.4587011,3.4574292,3.4716554,3.476293,3.4684584,3.4812016,3.4880445,3.5236003,3.511016,3.5098393,3.468134,3.5113137,3.5365958,3.5742738,3.5105283,3.5305195,3.5622222,3.542803,3.4886086,3.552962,3.5257738,3.551979,3.518054,3.5016928,3.456444,3.4564552,3.463019,3.4261055,3.410835,3.3971753,3.3176537,3.2880828,3.2719874,3.2055364,3.1202376,3.116479,3.103039,3.0845165,3.0530279,3.0066445,2.9550805,2.9638925,2.9096909,2.8721015,2.8640902,2.854512,2.788402,2.754615,2.776471,2.7961648,2.7560482,2.7197564,2.6730552,2.6991024,2.6142597,2.6270416,2.6166902,2.6236212,2.5934463,2.591893,2.5638373,2.5499673,2.5842311,2.5657876,2.5271506,2.5490434,2.515849,2.5386565,2.5333366,2.5388157,2.5239658,2.5027747,2.4948895,2.500076,2.5221148,2.5125196,2.4968808,2.4952352,2.5206692,2.5201552,2.484885,2.518314,2.4723773,2.474161,2.445163,2.4851744,2.5100305,2.478995,2.486897,2.480524,2.4965591,2.5527835,2.523782,2.5050693,2.5539265,2.518251,2.5971916,2.607968,2.6497,2.5709589,2.6377566,2.6742294,2.6646059,2.654073,2.6758044,2.6784,2.7042933,2.7060866,2.686138,2.6912677,2.7808774,2.7932625,2.8127723,2.8097591,2.855341,2.8222473,2.8394806,2.855721,2.8889744,2.886537,2.9154131,2.9227872,2.9227397,2.9213383,2.9908926,2.9783096,2.9919932,3.020475,3.0471752,3.0651987,3.0467827,3.0378587,3.035612,3.0679193,3.0649655,3.060606,3.0761948,3.219369,3.226146,3.1957214,3.2154243,3.2325916,3.20273,3.2293096,3.2444751,3.2424781,3.2424781,3.2608984,3.2374766,3.2397687,3.2452936,3.2379236,3.2461934,3.268683,3.2273703,3.2282798,3.2268138,3.208843,3.2674494,3.2428472,3.2100246,3.2018735,3.1906931,3.2170644,3.1948597,3.220037,3.1742435,3.177628,3.1300232,3.1779675,3.113219,3.1259446,3.1176226,3.1337073,3.10761,3.1335056,3.1567261,3.1004329,3.1506352,3.1720388,3.1354704,3.133019,3.1578763,3.135344,3.144574,3.1162422,3.1509714,3.1502185,3.1311574,3.127922,3.167584,3.191534,3.1744623,3.1511347,3.1999133,3.205612,3.2018394,3.2161279,3.2281852,3.2845018,3.25791,3.2817519,3.2569063,3.266178,3.286307,3.2973268,3.2736876,3.2930946,3.301582,3.3000932,3.301169,3.3657863,3.371032,3.361652,3.3425972,3.400729,3.402978,3.4418828,3.4379468,3.4324305,3.4237466,3.4678366,3.47372,3.4719434,3.485777,3.4361773,3.4776464,3.482753,3.510183,3.5119412,3.5322576,3.5097747,3.5081162,3.5176957,3.5534823,3.5177,3.541213,3.5098116,3.54795,3.5631428,3.535135,3.5577724,3.5857277,3.5801926,3.5571616,3.6017976,3.613549,3.604563,3.620699,3.6154656,3.5988352,3.5904958,3.6407833,3.6514606,3.6430457,3.6729,3.6219618,3.6723328,3.654479,3.680842,3.6815581,3.6805668,3.6586614,3.671475,3.6720562,3.6532445,3.6954074,3.6800551,3.6767986,3.6779015,3.6762137,3.6652713,3.6706414,3.6783457,3.7040195,3.6961906,3.7039254,3.7153022,3.699511,3.7159612,3.7268002,3.7205534,3.7156224,3.7403793,3.732515,3.712847,3.7242002,3.7894762,3.7557697,3.7556098,3.7586052,3.7670906,3.760279,3.7498894,3.746804,3.763093,3.778941,3.7810013,3.7538748,3.7567363,3.7538106,3.7763176,3.794219,3.786118,3.7763612,3.7551708,3.7761905,3.7791317,3.760261,3.763036,3.7939978,3.7883387,3.7709422,3.7635446,3.7597735,3.7722454,3.776873,3.7742777,3.7867365,3.778298,3.7867558,3.8017545,3.7922795,3.7813745,3.7869668,3.7762766,3.814189,3.7923267,3.7683418,3.7685199,3.7905557,3.7962148,3.7617488,3.792874,3.7825353,3.7840874,3.7868762,3.7864974,3.8051448,3.8069074,3.7961867,3.7942548,3.7930946,3.7763317,3.8240023,3.7842057,3.8404164,3.8074899,3.7908707,3.8242233,3.797142,3.819327,3.7766912,3.8286793,3.776415,3.8008657,3.7790968,3.796584,3.8198292,3.7925549,3.8123372,3.7951162,3.7917278,3.7980604,3.7706912,3.781545,3.7810256,3.7797284,3.758577,3.7730753,3.7521126,3.7631493,3.7324986,3.7568152,3.7456403,3.736935,3.7426856,3.747939,3.7275693,,,,,,,,,,,,,,,,,,,,,,,,,,
3.6599472,3.591544,3.614933,3.606533,3.635168,3.6162634,3.638205,3.60792,3.621114,3.6323228,3.639495,3.6295688,3.6274855,3.6245666,3.632996,3.611351,3.6259475,3.6296408,3.6342616,3.6433258,3.6345303,3.642907,3.6348763,3.6274283,3.6626933,3.6373725,3.641079,3.6548522,3.640737,3.6578004,3.6650982,3.6661386,3.6660643,3.6707082,3.7121282,3.6753902,3.6994693,3.726581,3.7371485,3.7153184,3.719627,3.7391524,3.7389271,3.7388208,3.7581573,3.720812,3.754841,3.7619362,3.7234056,3.72594,3.6709108,3.7139492,3.6397214,3.6144967,3.5213325,3.5516505,3.5048738,3.4594512,3.4624243,3.4228446,3.4083261,3.2843924,3.2838488,3.2522125,3.2268505,3.2226253,3.1935644,3.1251795,3.093091,3.1388257,3.1071317,3.0764391,3.0343533,2.9779546,2.9607525,2.9734116,2.925952,2.9271872,2.899208,2.8816128,2.886421,2.828235,2.8520741,2.814104,2.8011491,2.8147132,2.810773,2.8028216,2.7950003,2.8019218,2.7832751,2.7633548,2.78442,2.7091484,2.7332232,2.7415144,2.736306,2.7167745,2.73437,2.7344422,2.7304773,2.7336674,2.700239,2.7334998,2.794981,2.7663755,2.7803845,2.7263172,2.75898,2.7441278,2.7703269,2.758835,2.7950091,2.7632782,2.7744343,2.796957,2.794969,2.8169556,2.829493,2.8038685,2.7990103,2.866226,2.8489463,2.833319,2.882826,2.8950882,2.9269187,2.9038262,2.9130075,2.9239156,2.9457955,2.9823117,2.9818234,2.9511683,2.9792168,3.032326,2.9838083,3.0019262,3.0425782,2.9991376,2.9896693,3.0603063,3.0176787,3.0524144,3.0351055,3.0655267,3.066339,3.0899827,3.0859034,3.1172488,3.139658,3.1027098,3.1814249,3.158244,3.1566405,3.1577244,3.161923,3.1681025,3.2202833,3.1690388,3.184724,3.1959586,3.2327728,3.2695231,3.2783308,3.3136945,3.2694252,3.2864158,3.278894,3.2736366,3.298033,3.2976644,3.3334186,3.338213,3.3311837,3.370566,3.35744,3.3454924,3.3709893,3.3673553,3.4061618,3.4156,3.4364529,3.434058,3.4613047,3.4629679,3.4709353,3.4688032,3.470009,3.495939,3.4916184,3.5170662,3.5212338,3.5373125,3.5399394,3.5350115,3.5678499,3.55863,3.574984,3.5985603,3.6123955,3.6119533,3.6141067,3.6037674,3.6031597,3.641966,3.6570034,3.6451352,3.6756685,3.6601875,3.6798415,3.6646137,3.6763039,3.6939142,3.6912835,3.6816123,3.6859295,3.7163777,3.7105536,3.7264812,3.7199454,3.6977372,3.736346,3.7077634,3.7379549,3.7331104,3.7410355,3.7322617,3.7649314,3.7317944,3.7471933,3.7379467,3.742615,3.7401464,3.736531,3.7407956,3.7677472,3.7763867,3.748812,3.7627416,3.7413924,3.7573695,3.7699165,3.7393675,3.79774,3.76935,3.7943234,3.7940874,3.756274,3.7838857,3.7847202,3.7949097,3.7907953,3.7785208,3.7634246,3.7950084,3.7881505,3.7980309,3.7947342,3.7979314,3.7704298,3.80611,3.7887318,3.7978888,3.7808244,3.79624,3.8072147,3.796331,3.7751205,3.8339674,3.789926,3.781832,3.809949,3.7990448,3.7988324,3.8003201,3.8098862,3.7811568,3.787655,3.7790222,3.7960546,3.776639,3.8031855,3.7927213,3.8055525,3.8230898,3.7919614,3.818153,3.7951796,3.8074992,3.79787,3.7718306,3.8173568,3.8443687,3.8291512,3.7961624,3.8086212,3.8227844,3.8178546,3.8411014,3.824741,3.841338,3.8350763,3.8021216,3.8658924,3.830978,3.8645818,3.8301823,3.8587477,3.8517058,3.8259225,3.8684638,3.8290377,3.8161838,3.853347,3.8159044,3.864861,3.8477883,3.8621488,3.870695,3.8541355,3.835903,3.8515282,3.8771276,3.8642385,3.8569512,3.8447049,3.8554714,3.8423822,3.8482847,3.8794312,3.8767567,3.8713193,3.8766637,3.8585906,3.8841197,3.8878105,3.8700411,3.8679383,3.8598557,3.8885353,3.8927505,3.9032192,3.8751142,3.895916,3.9143748,3.9157465,3.9148853,3.8995497,3.912615,3.916276,3.8847845,3.9089255,3.9233694,3.9197764,3.9201384,3.9252374,3.938315,3.9499846,3.9325302,3.9128804,3.9146817,3.924662,3.939271,,,,,,,,,,,,,,,,,,,,,,,,,,,,,,,,,,,,,,,,,,,,,,,,,,,,,,,,,,,,,,,,,,,
3.667898,3.6437304,3.6496167,3.6089926,3.636128,3.6172323,3.6223164,3.6506107,3.631624,3.6262324,3.6033678,3.6163568,3.6219676,3.5760977,3.60524,3.5931363,3.5996518,3.6086583,3.595967,3.5524328,3.5752966,3.57962,3.574861,3.5635169,3.5573606,3.5448396,3.5775244,3.58238,3.5683167,3.567641,3.5722804,3.588226,3.5656085,3.610665,3.6057866,3.5871558,3.6207922,3.573041,3.6064613,3.586897,3.5719557,3.6175911,3.5857975,3.6392846,3.6226268,3.6078098,3.6044922,3.6237736,3.605013,3.6266487,3.5735645,3.588298,3.519935,3.533472,3.4668508,3.4032927,3.379929,3.3524003,3.334631,3.3291528,3.2277641,3.2415998,3.1885002,3.1722798,3.123757,3.0938935,3.0557988,3.0173998,2.9931931,2.949748,2.9470313,2.8962085,2.8289986,2.884039,2.843948,2.826435,2.797261,2.7977924,2.8034072,2.7300658,2.6960654,2.7005374,2.6754215,2.6498542,2.6627195,2.6110952,2.5910223,2.632869,2.6467156,2.5836618,2.618237,2.5679467,2.5979059,2.5654473,2.5816498,2.567803,2.5986104,2.531474,2.5454237,2.576404,2.606958,2.5831115,2.579462,2.5297897,2.5847895,2.5314841,2.5403237,2.5247116,2.4977863,2.5156133,2.5400732,2.5622714,2.555984,2.5634997,2.5221236,2.529901,2.5973964,2.5553503,2.5645676,2.6026664,2.5919383,2.626951,2.5892143,2.5869803,2.628812,2.60628,2.6367786,2.6425364,2.6266065,2.642266,2.683769,2.6878738,2.6794307,2.672433,2.7074513,2.7027345,2.7172768,2.7286167,2.731078,2.7854512,2.8029108,2.8135893,2.851261,2.8485274,2.8993726,2.8650506,2.9005632,2.913066,2.9197354,2.9364765,2.9345896,2.9479554,2.971424,2.9586766,2.998155,3.0044458,3.0287492,3.0327795,3.03791,3.1004965,3.1112742,3.0914626,3.1488872,3.1345236,3.144065,3.1378188,3.145826,3.1797185,3.167208,3.1770637,3.1571581,3.208945,3.199254,3.22503,3.246481,3.2598178,3.2444599,3.2757692,3.2829032,3.2722442,3.3027601,3.303054,3.2891383,3.3100374,3.2764583,3.2912002,3.3155775,3.3012235,3.3073525,3.2992582,3.2922008,3.2768078,3.261713,3.2629993,3.270717,3.2337964,3.2273312,3.2326105,3.2648165,3.2149315,3.2320144,3.1911871,3.2021215,3.2014163,3.2070014,3.1914587,3.1974695,3.2128847,3.1647236,3.1514874,3.2049162,3.1914043,3.243629,3.2105536,3.1643562,3.213126,3.1922908,3.1982667,3.218704,3.2351573,3.2362583,3.2371142,3.2162085,3.2478318,3.2291687,3.2403727,3.2951071,3.2783036,3.3227727,3.2968771,3.3116064,3.3161848,3.3030813,3.3683486,3.3606575,3.371116,3.414413,3.3912053,3.4092815,3.4197128,3.4301171,3.4275513,3.4152024,3.44,3.463704,3.4642627,3.4664457,3.487563,3.5035095,3.4924827,3.500586,3.5163798,3.5210562,3.5454106,3.5457368,3.5480392,3.559671,3.5325873,3.5660553,3.6009774,3.6041613,3.6177213,3.5792816,3.6433897,3.6346815,3.615586,3.6180732,3.6227622,3.62805,3.616745,3.6894512,3.6705856,3.672234,3.7131338,3.6840935,3.7019985,3.698172,3.6767585,3.7028852,3.699264,3.71695,3.7192354,3.7070367,3.705371,3.741619,3.7091627,3.7297845,3.7271183,3.730622,3.743501,3.7505915,3.7589996,3.7220907,3.6872776,3.7074292,3.7145245,3.7484827,3.7769034,3.7493055,3.7460096,3.734117,3.7702296,3.7400947,3.8002157,3.7666833,3.8213656,3.8200252,3.805892,3.8408492,3.8381276,3.8620825,3.8985302,3.905191,3.8633523,3.9413304,3.8676395,3.9252665,3.9231007,3.8883471,3.8838027,3.9058926,3.8771417,3.8791118,3.8340952,3.866611,3.8965445,3.9239833,3.9154475,3.921158,3.9173222,3.9129717,3.911193,3.8844938,3.9245493,3.902542,3.820776,3.8363245,3.813754,3.7361836,3.7526867,3.7701309,3.7799654,3.7697845,3.7688274,3.7792823,3.755229,3.7880273,3.7723026,3.7874885,3.7623816,3.7983048,3.7808564,3.7660747,3.7747624,3.8136344,3.7826743,3.7675543,3.757822,3.7477288,3.7808983,3.817958,3.7615356,3.7914805,3.7821443,3.7825072,3.7945893,3.7671478,3.8284988,3.8000698,3.7912107,3.7989511,3.8041687,3.8135164,3.809744,3.7651873,3.7917926,3.8030322,3.824859,3.8272321,3.8148293,3.7750552,3.8307896,3.7912993,3.7953277,3.7920806,3.8081565,3.789876,3.7929134,3.8159795,3.7904792,3.782508,3.802563,3.7850516,3.818434,3.8212252,3.825333,3.778885,3.7682796,3.786367,3.7802474,3.82427,3.7986715,3.811801,3.8288155,3.8006158,3.838988,3.8034685,3.802962,3.7969253,3.7956429,,,,,,,,,,,,,,,,,,,,,
3.2860632,3.2978654,3.271591,3.3004677,3.2919464,3.2845914,3.2853673,3.3574407,3.2788334,3.2816143,3.253676,3.2692292,3.2697601,3.2809699,3.2980103,3.3150764,3.312685,3.3210356,3.2770448,3.3196595,3.3283243,3.3339074,3.3148854,3.3464007,3.3556056,3.3549185,3.3787274,3.3767006,3.367465,3.4049184,3.399168,3.38168,3.3909538,3.402455,3.3958752,3.409218,3.3901923,3.3955016,3.4224436,3.4417515,3.4522388,3.4644792,3.4468472,3.4589295,3.5181606,3.5147226,3.4659827,3.453473,3.448498,3.4560168,3.4178195,3.39881,3.3835776,3.3738396,3.3363004,3.307924,3.2667148,3.197593,3.1725345,3.133454,3.097055,3.0699205,3.0779173,3.0192213,3.0178602,2.9774747,2.9100924,2.8782265,2.8735008,2.8736227,2.8593442,2.8363466,2.8269174,2.770277,2.7759907,2.7583437,2.7020838,2.7175431,2.7076342,2.6774554,2.6921775,2.677118,2.6326122,2.648578,2.6375887,2.5613391,2.6366324,2.6151795,2.6248941,2.5909493,2.618596,2.6249135,2.5859842,2.5604265,2.55526,2.5912824,2.5580742,2.5620637,2.5828514,2.5959873,2.582734,2.5668375,2.5738916,2.555791,2.5687888,2.5839276,2.5813572,2.5663776,2.5536833,2.5982852,2.609245,2.6311696,2.6209867,2.6054924,2.6647565,2.6370924,2.6362004,2.6696353,2.6729355,2.7024665,2.7046876,2.7332134,2.7376812,2.729032,2.7124279,2.7336974,2.7395782,2.7644517,2.8381748,2.8182235,2.8069322,2.804935,2.8316793,2.8545365,2.8896227,2.9448512,2.9018865,2.9057674,2.9509711,2.9418125,2.9563622,2.9687989,2.982979,3.0116222,3.017912,2.9976103,3.0633736,3.0777192,3.1073654,3.0761518,3.1128905,3.1127932,3.1353388,3.1569817,3.150292,3.166752,3.1623518,3.2051203,3.2781665,3.3542602,3.2919626,3.257493,3.1892393,3.1704538,3.3563292,3.1187465,3.0894647,3.1371543,3.1984775,3.2946424,3.2734592,3.2605414,3.2344203,3.225158,3.2022898,3.2388198,3.2232046,3.226931,3.2159965,3.185225,3.2406812,3.2034082,3.2906306,3.291374,3.2696283,3.2477438,3.2914643,3.282575,3.275325,3.3139777,3.4113114,3.429208,3.3294759,3.310264,3.3114212,3.3620899,3.3362901,3.3564124,3.3638878,3.3334966,3.3867438,3.3764946,3.4112828,3.392062,3.398428,3.3864443,3.3821752,3.411684,3.4212444,3.4434783,3.4368548,3.4424093,3.5086207,3.462286,3.4813032,3.4928892,3.4944046,3.521523,3.519063,3.533136,3.5249376,3.5060248,3.5321622,3.525342,3.511398,3.53025,3.5445201,3.5618134,3.5528228,3.556908,3.537796,3.5889764,3.550829,3.5746353,3.584722,3.5724003,3.5926929,3.5938897,3.6140025,3.6317818,3.6209145,3.6265807,3.630099,3.6372778,3.646716,3.6634955,3.650224,3.6264377,3.6434972,3.658883,3.6773067,3.6826878,3.6293263,3.692173,3.689756,3.6717207,3.6576335,3.6902869,3.7059233,3.6840184,3.6557674,3.6684306,3.6896472,3.654943,3.6770878,3.6852267,3.6588626,3.6582527,3.703994,3.6597235,3.6502955,3.6611404,3.661294,3.67356,3.6501172,3.6646504,3.653915,3.6665695,3.6583538,3.666512,3.6615875,3.6688335,3.6271276,3.643355,3.6539094,3.6561863,3.6728554,3.670687,3.6625612,3.6640248,3.6694243,3.662313,3.645537,3.6514204,3.6766312,3.6623936,3.6693294,3.6857803,3.6630063,3.689304,3.6820447,3.6862867,3.6876943,3.6797512,3.6923382,3.6759083,3.6850448,3.6729827,3.7021255,3.7215583,3.6771538,3.704013,3.711277,3.724737,3.72191,3.7359526,3.7343833,3.7219882,3.7329144,3.7182324,3.7296433,3.7370834,3.743099,3.7490711,3.744046,3.7215772,3.7314193,3.7541761,3.7430656,3.7359588,3.7522562,3.7678204,3.7488523,3.7474198,3.7792945,3.7643952,3.7430027,3.7698033,3.7964184,3.7818642,3.772815,3.765619,3.7546148,3.763812,3.7659228,3.7780485,3.7621493,3.7585025,3.7836592,3.7894292,3.7725222,3.7847404,3.8146331,3.7724788,3.7791748,3.8061516,3.7922196,3.8193946,3.8254747,3.8241804,3.817399,3.80999,3.829393,3.8287618,3.803122,3.8342392,3.8514087,3.85581,,,,,,,,,,,,,,,,,,,,,,,,,,,,,,,,,,,,,,,,,,,,,,,,,,,,,,,,,,,,,,,
3.8378153,3.8217504,3.7967377,3.8293333,3.8242867,3.8065228,3.8203692,3.8303468,3.809535,3.8048124,3.8230777,3.804196,3.8002567,3.8078315,3.8104382,3.8275719,3.8408523,3.8686638,3.838965,3.8332582,3.8418732,3.8107202,3.8325186,3.8466816,3.85129,3.8542125,3.8832715,3.8646202,3.874729,3.8927598,3.8838203,3.8970802,3.89698,3.8675015,3.9019463,3.8942,3.9122536,3.894343,3.92201,3.9050436,3.9110398,3.91756,3.8982818,3.9171968,3.902428,3.9101946,3.9024136,3.8488238,3.8450465,3.8328905,3.7819543,3.7958856,3.7193294,3.7050786,3.6483545,3.6426756,3.6032932,3.5190825,3.488499,3.4623973,3.4467936,3.3792074,3.3311572,3.3101785,3.2622516,3.2544048,3.253906,3.1517134,3.1565695,3.109308,3.1243033,3.0594797,3.0378292,2.9943926,2.972389,2.944601,2.9292464,2.9329798,2.9223537,2.8754697,2.8798468,2.8402853,2.8347564,2.8322713,2.8171492,2.7774272,2.757592,2.7665966,2.716786,2.7610486,2.7252798,2.7611108,2.71013,2.749055,2.7390313,2.7499146,2.7262027,2.717347,2.7528887,2.7098975,2.7304902,2.731339,2.684081,2.7325318,2.697898,2.7309744,2.7107852,2.7362006,2.7353776,2.718304,2.7385602,2.7334197,2.7648225,2.724676,2.7187314,2.712561,2.7504926,2.7498717,2.7532518,2.7769496,2.7724574,2.7382402,2.7884219,2.7750306,2.802801,2.801954,2.840069,2.8524466,2.8543348,2.8391438,2.8694394,2.8971221,2.8956993,2.9225292,2.9078405,2.9416022,2.9615653,2.965588,2.945455,3.0448792,3.030982,3.0261922,3.0142994,3.050624,3.0883863,3.048553,3.1084657,3.1080751,3.1160374,3.0991616,3.1317654,3.1291673,3.1304731,3.1097612,3.123659,3.177108,3.142505,3.190451,3.1552296,3.161499,3.167013,3.1748207,3.1956367,3.1365666,3.1208994,3.1434586,3.1679816,3.1573353,3.1697688,3.1437492,3.1148002,3.144133,3.126292,3.1305711,3.138193,3.1137657,3.1584373,3.1253715,3.1443202,3.179538,3.1513004,3.126177,3.1889665,3.1654675,3.1412115,3.1902242,3.1796181,3.204395,3.1967967,3.2076926,3.2183979,3.2331607,3.2038867,3.223127,3.2736695,3.2356875,3.2437925,3.279434,3.2673426,3.289144,3.3129869,3.3111937,3.3501003,3.3277633,3.349411,3.339484,3.3406262,3.358221,3.3927913,3.4054453,3.4183586,3.4507043,3.4299788,3.4593816,3.451453,3.4843676,3.4973862,3.482771,3.5115016,3.5171099,3.5327504,3.5182927,3.5098867,3.5530825,3.5292132,3.5653975,3.575173,3.6058943,3.5712492,3.5929222,3.6037855,3.5820138,3.6005952,3.6319647,3.6214025,3.6246848,3.662283,3.6165662,3.6297243,3.6611226,3.669582,3.6757545,3.685426,3.6729958,3.7204714,3.7113295,3.7136788,3.7541354,3.7185345,3.7387464,3.7369475,3.7355967,3.7421634,3.74483,3.7520502,3.754485,3.7630322,3.7588882,3.78238,3.8019125,3.769614,3.7791827,3.7916331,3.804327,3.7890472,3.7468169,3.8109722,3.791475,3.7900002,3.813507,3.790498,3.8097174,3.8070655,3.7960217,3.814289,3.8403895,3.833645,3.8082213,3.8332903,3.8473973,3.8442295,3.8158596,3.8318038,3.8048205,3.8204594,3.804372,3.8198647,3.830305,3.8227146,3.8307316,3.8313386,3.814913,3.8199196,3.808972,3.8575032,3.856698,3.866804,3.8258095,3.8309104,3.8444755,3.8505642,3.855026,3.8396327,3.8728714,3.8586826,3.849345,3.8375134,3.85071,3.846549,3.852729,3.8587134,3.8545802,3.841343,3.852146,3.8485513,3.8351638,3.8654487,3.846411,3.8908887,3.8570647,3.876624,3.864554,3.8668883,3.8728955,3.8635106,3.87361,3.8950682,3.8582525,3.8683152,3.8971655,3.896434,3.9326546,3.864214,3.8718383,3.9018261,3.8817532,3.8949313,3.897076,3.8612175,3.895435,3.8875763,3.9659297,3.9832077,3.9802496,3.957939,3.9316554,3.9161804,3.923071,3.9413304,3.922157,3.914389,3.9553468,3.985848,3.981102,3.9946365,4.043957,4.0863204,4.065413,4.0891795,4.089887,4.1120973,4.1005006,4.1108956,4.0898223,4.0745034,4.0875006,4.095169,4.1266932,4.058563,4.067543,4.1142983,4.1108594,4.070155,4.0136895,3.9726784,3.98262,3.9663062,4.0036044,3.9683838,3.9730158,3.9570506,,,,,,,,,,,,,,,,,,,,,,,,,,,,,,,,,,,,,,,,,,,,,,,,,,
3.391677,3.3881142,3.3841453,3.4304276,3.3778944,3.385259,3.4064844,3.391862,3.3930972,3.3996582,3.3942583,3.3865726,3.4005516,3.3980606,3.4151077,3.43017,3.3930676,3.4279144,3.4319706,3.4160388,3.4214492,3.4236655,3.4159791,3.420586,3.4396024,3.4564853,3.4686055,3.4901621,3.5206158,3.511711,3.5100865,3.5259104,3.5200453,3.538672,3.5251102,3.5302851,3.5387194,3.552272,3.5200577,3.5659933,3.5506146,3.5501451,3.554043,3.5493407,3.5618572,3.570868,3.5307355,3.549301,3.5397115,3.4835706,3.43494,3.409491,3.3984528,3.3800652,3.3549933,3.345023,3.267048,3.2711084,3.2206595,3.1913183,3.1509135,3.167616,3.0894756,3.0827754,3.006201,3.0340555,3.0219975,2.9720764,2.9453378,2.9220169,2.8825133,2.8302877,2.895042,2.807456,2.8315363,2.8113024,2.7728698,2.7865872,2.7448313,2.7659035,2.733322,2.7442157,2.7100108,2.7050128,2.7032716,2.7082002,2.690315,2.694577,2.6964428,2.677229,2.6896386,2.676639,2.6910026,2.688936,2.7166567,2.676685,2.682964,2.696953,2.689477,2.6740072,2.7073948,2.671491,2.665029,2.667804,2.680745,2.6824312,2.662516,2.6777458,2.7075357,2.6988332,2.6973557,2.7014337,2.6947064,2.7270412,2.7272034,2.7191787,2.7544377,2.7325268,2.8047628,2.8134432,2.8163466,2.831149,2.8493373,2.8661234,2.8801162,2.875102,2.8570302,2.8837852,2.9097657,2.9551244,2.9491193,3.0057294,2.943779,2.9917219,3.0150025,3.0272217,3.0382724,3.0588446,3.06739,3.0961256,3.0638244,3.0933058,3.0791163,3.1006577,3.0828488,3.116918,3.103053,3.110423,3.139069,3.1267545,3.1732607,3.1767602,3.119144,3.1649323,3.184966,3.1687987,3.1939943,3.1681929,3.1711874,3.1874437,3.1943402,3.1987796,3.1941824,3.2284892,3.2656822,3.2090871,3.2230985,3.2338207,3.2501373,3.2552814,3.2800326,3.2743204,3.282974,3.3040166,3.3213127,3.3173478,3.35311,3.3418481,3.3583903,3.365864,3.3466036,3.3765476,3.3776653,3.4045613,3.432262,3.3961058,3.437933,3.4494328,3.4287379,3.460037,3.4521875,3.4935534,3.463764,3.520428,3.5142965,3.4968586,3.5279686,3.559246,3.5556877,3.5310419,3.5820498,3.543756,3.57744,3.5902941,3.6006942,3.589719,3.608234,3.5963125,3.6267915,3.616837,3.6176124,3.6165378,3.6420944,3.6428258,3.6811395,3.6609104,3.6626694,3.6721728,3.6888525,3.6720338,3.6741128,3.6700375,3.6863704,3.697848,3.6953032,3.6625788,3.6904032,3.6875093,3.7076116,3.6993148,3.6676095,3.7302778,3.692376,3.7340791,3.6717443,3.7220376,3.7494237,3.7814271,3.7508905,3.7703118,3.7580237,3.7305045,3.7514937,3.8070507,3.8194015,3.858902,3.8698394,3.9167843,3.9605465,3.9972978,3.9742632,3.9751148,3.9989684,3.991711,3.9986079,3.9583108,3.9577482,3.866639,3.7725778,3.7544622,3.765437,3.8078108,3.7698374,3.757265,3.797252,3.7739673,3.7680068,3.7967777,3.806194,3.7831452,3.8168075,3.8082247,3.8027613,3.8256233,3.8039703,3.7687697,3.8261716,3.7944202,3.8134923,3.817912,3.8278956,3.8172352,3.8056412,3.8497515,3.8500016,3.8233128,3.848297,3.8179364,3.8302205,3.8672345,3.8507442,3.8769197,3.854601,3.885852,3.8849986,3.889711,3.9011896,3.8507714,3.8669462,3.8767698,3.8715382,3.862412,3.882418,3.8711338,3.8888514,3.8843758,3.8882654,3.8828235,3.8852127,3.9138994,3.8798902,3.8971272,3.9063065,3.9007986,3.8958607,3.8970985,3.923701,3.9414284,3.9315248,3.9447658,3.9998841,4.0882626,4.1699023,3.9466302,4.0749125,3.893308,3.8929374,3.9572926,3.8689945,3.8874402,3.9081912,3.8772337,3.9028916,3.9146757,3.8998942,3.8703473,3.8588972,3.8707333,3.8626735,3.877116,3.8855891,3.8678303,3.9889486,3.9046884,3.8614986,3.8434906,3.8046973,3.8436496,3.8427777,,,,,,,,,,,,,,,,,,,,,,,,,,,,,,,,,,,,,,,,,,,,,,,,,,,,,,,,,,,,,,,,,,,,,,,,,,,,,,,,,,
